featurePoint,eventID,occurrenceID,basisOfRecord,eventDate,Habitat type,Phase 1 Habitat Code (JNCC),Common Name,Abundance (DAFOR),Abundance Percentage (DAFOR scale),scientificName,Kingdom,Phylum,Class,Order,Family,Genus,Species,HighesttaxonRank,What3Words,decimalLatitude,decimalLongitude,geodeticDatum,countryCode,TargetNotes,GroupID,ResearcherID,,Lookup Matrix DAFOR,
1,SS-Veg-TS-139-1R,SS-Veg-TS-139-1-1,HumanObservation,13/09/2026,Semi-Improved Acidic Grassland,B2,Soft Rush,Dominant,50-100%,Juncus effusus,Plantae,,,,,Juncus,effusus,Species,reading.measuring.dose,55.698105,-5.285472,WGS84,SCT,,Vegetation,RossN,,Dominant,50-100%
1,SS-Veg-TS-139-1R,SS-Veg-TS-139-1-2,HumanObservation,13/09/2026,Semi-Improved Acidic Grassland,B2,Bell Heather,Occasional,5-15%,Erica cinerea,Plantae,,,,,Erica,cinerea,Species,reading.measuring.dose,55.698105,-5.285472,WGS84,SCT,,Vegetation,RossN,,Abundant,30-50%
1,SS-Veg-TS-139-1R,SS-Veg-TS-139-1-3,HumanObservation,13/09/2026,Semi-Improved Acidic Grassland,B2,Hawthorn,Frequent,15-30%,Crataegus monogyna,Plantae,,,,,Crataegus,monogyna,Species,reading.measuring.dose,55.698105,-5.285472,WGS84,SCT,Hawthorns heavily grazed at the base,Vegetation,RossN,,Frequent,15-30%
1,SS-Veg-TS-139-1R,SS-Veg-TS-139-1-4,HumanObservation,13/09/2026,Semi-Improved Acidic Grassland,B2,Tormentil,Abundant,30-50%,Potentilla erecta,Plantae,,,,,Potentilla,erecta,Species,reading.measuring.dose,55.698105,-5.285472,WGS84,SCT,,Vegetation,RossN,,Occasional,5-15%
1,SS-Veg-TS-139-1R,SS-Veg-TS-139-1-5,HumanObservation,13/09/2026,Semi-Improved Acidic Grassland,B2,Devil's Bit Scabious,Abundant,30-50%,Succisa pratensis,Plantae,,,,,Succisa,pratensis,Species,reading.measuring.dose,55.698105,-5.285472,WGS84,SCT,,Vegetation,RossN,,Rare,0-5%
2,SS-Veg-TS-139-1R,SS-Veg-TS-139-1-6,HumanObservation,13/09/2026,Continuous Bracken,C1,Blackberry (Brambles),Frequent,15-30%,Rubus fruticosis,Plantae,,,,,Rubus,fruticosus,Species,joyously.ruin.adventure,55.697971,-5.28528,WGS84,SCT,Rhododendron bushes present - occasional,Vegetation,RossN,,Dominant,50-100%
2,SS-Veg-TS-139-1R,SS-Veg-TS-139-1-7,HumanObservation,13/09/2026,Continuous Bracken,C1,Bracken,Dominant,50-100%,Pteridium aquilinum,Plantae,,,,,Pteridium,aquilinum,Species,joyously.ruin.adventure,55.697971,-5.28528,WGS84,SCT,,Vegetation,RossN,,Abundant,30-50%
2,SS-Veg-TS-139-1R,SS-Veg-TS-139-1-8,HumanObservation,13/09/2026,Continuous Bracken,C1,Yew Tree,Occasional,5-15%,Taxus Baccata,Plantae,,,,,Taxus,Baccata,Species,joyously.ruin.adventure,55.697971,-5.28528,WGS84,SCT,,Vegetation,RossN,,Frequent,15-30%
3,SS-Veg-TS-139-1R,SS-Veg-TS-139-1-9,HumanObservation,13/09/2026,Acidic Moorland,B2,Purple Moor Grass,Dominant,50-100%,Molinia caerulea,Plantae,,,,,Molinia,caerulea,Species,exhales.uppermost.specifics,,,WGS84,SCT,,Vegetation,RossN,,Occasional,5-15%
3,SS-Veg-TS-139-1R,SS-Veg-TS-139-1-10,HumanObservation,13/09/2026,Acidic Moorland,B2,Bell Heather,Occasional,5-15%,Erica cinerea,Plantae,,,,,Erica,cinerea,Species,exhales.uppermost.specifics,,,WGS84,SCT,Rhododendron bushes present - Frequent,Vegetation,RossN,,Rare,0-5%
3,SS-Veg-TS-139-1R,SS-Veg-TS-139-1-11,HumanObservation,13/09/2026,Acidic Moorland,B2,Heath Bedstraw,Abundant,30-50%,Galium saxatile,Plantae,,,,,Galium,saxatile,Species,looks.reap.galloped,55.697,-5.284276,WGS84,SCT,,Vegetation,RossN,,Dominant,50-100%
4,SS-Veg-TS-139-1R,SS-Veg-TS-139-1-12,HumanObservation,13/09/2026,Continuous Bracken,C1,Bracken,Dominant,50-100%,Pteridium aquilinum,Plantae,,,,,Pteridium,aquilinum,Species,looks.reap.galloped,55.697,-5.284276,WGS84,SCT,Rhododendron present Abundant,Vegetation,RossN,,Abundant,30-50%
5,SS-Veg-TS-139-1R,SS-Veg-TS-139-1-13,HumanObservation,13/09/2026,Semi-Improved Acidic Grassland,B2,Hawthorn,Occasional,5-15%,Crataegus monogyna,Plantae,,,,,Crataegus,monogyna,Species,snack.adjuster.stopped,55.696461,-5.284371,WGS84,SCT,Hawthorns heavily grazed,Vegetation,RossN,,Frequent,15-30%
5,SS-Veg-TS-139-1R,SS-Veg-TS-139-1-14,HumanObservation,13/09/2026,Semi-Improved Acidic Grassland,B2,Crossleaf Heather,Rare,0-5%,Erica tetralix,Plantae,,,,,Erica,tetralix,Species,snack.adjuster.stopped,55.696461,-5.284371,WGS84,SCT,,Vegetation,RossN,,Occasional,5-15%
6,SS-Veg-TS-149-1R,SS-Veg-TS-149-1-1,HumanObservation,14/09/2026,Mosaic: Semi-Improved Acidic Grassland-Scattered bracken,B2-C2,Bent Grass,Dominant,50-100%,Agrostis capillaris,Plantae,,,,,Agrostis,capillaris,Species,masts.slurs.waving,55.697998,-5.287337,WGS84,SCT,,Vegetation,RossN,,Rare,0-5%
6,SS-Veg-TS-149-1R,SS-Veg-TS-149-1-2,HumanObservation,14/09/2026,Mosaic: Semi-Improved Acidic Grassland-Scattered bracken,B2-C2,Foxglove,Rare,0-5%,Digitalis purpurea,Plantae,,,,,Digitalis,purpurea,Species,masts.slurs.waving,55.697998,-5.287337,WGS84,SCT,Clustered by exposed stone,Vegetation,RossN,,Dominant,50-100%
6,SS-Veg-TS-149-1R,SS-Veg-TS-149-1-3,HumanObservation,14/09/2026,Mosaic: Semi-Improved Acidic Grassland-Scattered bracken,B2-C2,Bracken,Abundant,30-50%,Pteridium aquilinum,Plantae,,,,,Pteridium,aquilinum,Species,masts.slurs.waving,55.697998,-5.287337,WGS84,SCT,Rhododendron Present,Vegetation,RossN,,Abundant,30-50%
6,SS-Veg-TS-149-1R,SS-Veg-TS-149-1-4,HumanObservation,14/09/2026,Mosaic: Semi-Improved Acidic Grassland-Scattered bracken,B2-C2,Blackberry (Brambles),Occasional,5-15%,Rubus fruticosis,Plantae,,,,,Rubus,fruticosus,Species,masts.slurs.waving,55.697998,-5.287337,WGS84,SCT,,Vegetation,RossN,,Frequent,15-30%
6,SS-Veg-TS-149-1R,SS-Veg-TS-149-1-5,HumanObservation,14/09/2026,Mosaic: Semi-Improved Acidic Grassland-Scattered bracken,B2-C2,Hawthorn,Rare,0-5%,Crataegus monogyna,Plantae,,,,,Crataegus,monogyna,Species,masts.slurs.waving,55.697998,-5.287337,WGS84,SCT,"Heavily grazed, smaller individuals more affected",Vegetation,RossN,,Occasional,5-15%
6,SS-Veg-TS-149-1R,SS-Veg-TS-149-1-6,HumanObservation,14/09/2026,Mosaic: Semi-Improved Acidic Grassland-Scattered bracken,B2-C2,Harebell,Rare,0-5%,Campanula rotundifolia,Plantae,,,,,Campanula,rotundifolia,Species,masts.slurs.waving,55.697998,-5.287337,WGS84,SCT,,Vegetation,RossN,,Rare,0-5%
6,SS-Veg-TS-149-1R,SS-Veg-TS-149-1-7,HumanObservation,14/09/2026,Mosaic: Semi-Improved Acidic Grassland-Scattered bracken,B2-C2,Soft Rush,Dominant,50-100%,Juncus effusus,Plantae,,,,,Juncus,effusus,Species,masts.slurs.waving,55.697998,-5.287337,WGS84,SCT,Can indicate poor drainage,Vegetation,RossN,,Dominant,50-100%
6,SS-Veg-TS-149-1R,SS-Veg-TS-149-1-6,HumanObservation,14/09/2026,Mosaic: Semi-Improved Acidic Grassland-Scattered bracken,B2-C2,Bell Heather,Occasional,5-15%,Erica cinerea,Plantae,,,,,Erica,cinerea,Species,masts.slurs.waving,55.697998,-5.287337,WGS84,SCT,,Vegetation,RossN,,Abundant,30-50%
7,SS-Veg-TS-149-1R,SS-Veg-TS-149-1-7,HumanObservation,14/09/2026,Broadleaved Woodland,A1.1,Downy Birch,Dominant,50-100%,Betula pubescens,Plantae,,,,,Betula,pubescens,Species,brothers.decreased.acids,55.697944,-5.288103,WGS84,SCT,"Supports asterisk lichen and plait moss, more populous in West",Vegetation,RossN,,Frequent,15-30%
7,SS-Veg-TS-149-1R,SS-Veg-TS-149-1-8,HumanObservation,14/09/2026,Broadleaved Woodland,A1.1,Great Wood Rush,Occasional,5-15%,Luzula sylvatica,Plantae,,,,,Luzula,sylvatica,Species,brothers.decreased.acids,55.697944,-5.288103,WGS84,SCT,Rhododendron occasional,Vegetation,RossN,,Occasional,5-15%
7,SS-Veg-TS-149-1R,SS-Veg-TS-149-1-9,HumanObservation,14/09/2026,Broadleaved Woodland,A1.1,Bracken,Dominant,50-100%,Pteridium aquilinum,Plantae,,,,,Pteridium,aquilinum,Species,brothers.decreased.acids,55.697944,-5.288103,WGS84,SCT,Dominates Understory,Vegetation,RossN,,Rare,0-5%
8,SS-Veg-TS-149-1R,SS-Veg-TS-149-1-10,HumanObservation,14/09/2026,Continuous Bracken,C1,Bracken,Dominant,50-100%,Pteridium aquilinum,Plantae,,,,,Pteridium,aquilinum,Species,profiled.slave.destroyer,55.696812,-5.286763,WGS84,SCT,Rhododendron Present,Vegetation,RossN,,Dominant,50-100%
9,SS-Veg-TS-149-1R,SS-Veg-TS-149-1-11,HumanObservation,14/09/2026,Acidic Moorland,B2,Purple Moor Grass,Dominant,50-100%,Molinia caerulea,Plantae,,,,,Molinia,caerulea,Species,wriggle.palace.yummy,55.696893,-5.28705,WGS84,SCT,"Small rhododendron stalks present, no large bushes",Vegetation,RossN,,Abundant,30-50%
9,SS-Veg-TS-149-1R,SS-Veg-TS-149-1-12,HumanObservation,14/09/2026,Acidic Moorland,B2,Mat Grass,Dominant,50-100%,Nardus Stricta ,Plantae,,,,,Nardus ,stricta,Species,wriggle.palace.yummy,55.696893,-5.28705,WGS84,SCT,,Vegetation,RossN,,Frequent,15-30%
9,SS-Veg-TS-149-1R,SS-Veg-TS-149-1-13,HumanObservation,14/09/2026,Acidic Moorland,B2,Bell Heather,Frequent,15-30%,Erica cinerea,Plantae,,,,,Erica,cinerea,Species,wriggle.palace.yummy,55.696893,-5.28705,WGS84,SCT,,Vegetation,RossN,,Occasional,5-15%
9,SS-Veg-TS-149-1R,SS-Veg-TS-149-1-14,HumanObservation,14/09/2026,Acidic Moorland,B2,Foxglove,Frequent,15-30%,Digitalis purpurea,Plantae,,,,,Digitalis,purpurea,Species,wriggle.palace.yummy,55.696893,-5.28705,WGS84,SCT,,Vegetation,RossN,,Rare,0-5%
9,SS-Veg-TS-149-1R,SS-Veg-TS-149-1-15,HumanObservation,14/09/2026,Acidic Moorland,B2,Devil's Bit Scabious,Occasional,5-15%,Succisa pratensis,Plantae,,,,,Succisa,pratensis,Species,wriggle.palace.yummy,55.696893,-5.28705,WGS84,SCT,,Vegetation,RossN,,Dominant,50-100%
10,SS-Veg-TS-149-1R,SS-Veg-TS-149-1-16,HumanObservation,14/09/2026,Continuous Bracken,C1,Bracken,Dominant,50-100%,Pteridium aquilinum,Plantae,,,,,Pteridium,aquilinum,Species,often.following.chapters,55.696704,-5.287194,WGS84,SCT,,Vegetation,RossN,,Abundant,30-50%
10,SS-Veg-TS-149-1R,SS-Veg-TS-149-1-17,HumanObservation,14/09/2026,Continuous Bracken,C1,Tormentil,Occasional,5-15%,Potentilla erecta,Plantae,,,,,Potentilla,erecta,Species,often.following.chapters,55.696704,-5.287194,WGS84,SCT,more common near disturbances,Vegetation,RossN,,Frequent,15-30%
11,SS-Veg-TS-149-1R,SS-Veg-TS-149-1-18,HumanObservation,14/09/2026,Acidic Moorland,B2,Purple Moor Grass,Dominant,50-100%,Molinia caerulea,Plantae,,,,,Molinia,caerulea,Species,tennis.remission.reporters,55.697135,-5.286476,WGS84,SCT,,Vegetation,RossN,,Occasional,5-15%
11,SS-Veg-TS-149-1R,SS-Veg-TS-149-1-19,HumanObservation,14/09/2026,Acidic Moorland,B2,Tormentil,Occasional,5-15%,Potentilla erecta,Plantae,,,,,Potentilla,erecta,Species,tennis.remission.reporters,55.697135,-5.286476,WGS84,SCT,,Vegetation,RossN,,Rare,0-5%
11,SS-Veg-TS-149-1R,SS-Veg-TS-149-1-20,HumanObservation,14/09/2026,Acidic Moorland,B2,Bent Grass,Dominant,50-100%,Agrostis capillaris,Plantae,,,,,Agrostis,capillaris,Species,tennis.remission.reporters,55.697135,-5.286476,WGS84,SCT,,Vegetation,RossN,,Dominant,50-100%
11,SS-Veg-TS-149-1R,SS-Veg-TS-149-1-21,HumanObservation,14/09/2026,Acidic Moorland,B2,Hawthorn,Occasional,5-15%,Crataegus monogyna,Plantae,,,,,Crataegus,monogyna,Species,zoos.described.bring,55.696542,-5.284658,WGS84,SCT,Heavily grazed smaller individuals,Vegetation,RossN,,Abundant,30-50%
12,SS-Veg-TS-149-1R,SS-Veg-TS-149-1-22,HumanObservation,14/09/2026,Acidic Moorland,B2,Purple Moor Grass,Dominant,50-100%,Molinia caerulea,Plantae,,,,,Molinia,caerulea,Species,snows.cluttered.senior,55.696327,-5.284515,WGS84,SCT,,Vegetation,RossN,,Frequent,15-30%
12,SS-Veg-TS-149-1R,SS-Veg-TS-149-1-23,HumanObservation,14/09/2026,Acidic Moorland,B2,Tufted Hair Grass,Frequent,15-30%,Deschampia cespitosa,Plantae,,,,,Deschampia,cespitosa,Species,snows.cluttered.senior,55.696327,-5.284515,WGS84,SCT,,Vegetation,RossN,,Occasional,5-15%
12,SS-Veg-TS-149-1R,SS-Veg-TS-149-1-24,HumanObservation,14/09/2026,Acidic Moorland,B2,Crossleaf Heather,Abundant,30-50%,Erica tetralix,Plantae,,,,,Erica,tetralix,Species,snows.cluttered.senior,55.696327,-5.284515,WGS84,SCT,,Vegetation,RossN,,Rare,0-5%
12,SS-Veg-TS-149-1R,SS-Veg-TS-149-1-25,HumanObservation,14/09/2026,Acidic Moorland,B2,Heath Rush,Abundant,30-50%,Juncus squarrosus,Plantae,,,,,Juncus,squarrosus,Species,snows.cluttered.senior,55.696327,-5.284515,WGS84,SCT,,Vegetation,RossN,,Dominant,50-100%
12,SS-Veg-TS-149-1R,SS-Veg-TS-149-1-26,HumanObservation,14/09/2026,Acidic Moorland,B2,Sphagnum moss,Dominant,50-100%,Sphagnum spp.,Plantae,,,,,Sphagnum ,N/A,Genus,snows.cluttered.senior,55.696327,-5.284515,WGS84,SCT,,Vegetation,RossN,,Abundant,30-50%
13,SS-Veg-TS-149-2R,SS-Veg-TS-149-2-1,HumanObservation,14/09/2026,Wet Modified Bog,E1.7,Purple Moor Grass,Dominant,50-100%,Molinia caerulea,Plantae,,,,,Molinia,caerulea,Species,rare.finishing.paintings,55.695922,-5.270546,WGS84,SCT,,Vegetation,RossN,,Frequent,15-30%
13,SS-Veg-TS-149-2R,SS-Veg-TS-149-2-2,HumanObservation,14/09/2026,Wet Modified Bog,E1.7,Bog Asphodel,Frequent,15-30%,Narthecium ossifragum,Plantae,,,,,Narthecium,ossifragum,Species,rare.finishing.paintings,55.695922,-5.270546,WGS84,SCT,,Vegetation,RossN,,Occasional,5-15%
13,SS-Veg-TS-149-2R,SS-Veg-TS-149-2-3,HumanObservation,14/09/2026,Wet Modified Bog,E1.7,Crossleaf Heather,Abundant,30-50%,Erica tetralix,Plantae,,,,,Erica,tetralix,Species,rare.finishing.paintings,55.695922,-5.270546,WGS84,SCT,Rhododendron present Frequent,Vegetation,RossN,,Rare,0-5%
13,SS-Veg-TS-149-2R,SS-Veg-TS-149-2-4,HumanObservation,14/09/2026,Wet Modified Bog,E1.7,Heath Rush,Rare,0-5%,Juncus squarrosus,Plantae,,,,,Juncus,squarrosus,Species,rare.finishing.paintings,55.695922,-5.270546,WGS84,SCT,"Certain areas are heavily inundated, with small puddles",Vegetation,RossN,,Dominant,50-100%
13,SS-Veg-TS-149-2R,SS-Veg-TS-149-2-5,HumanObservation,14/09/2026,Wet Modified Bog,E1.7,Devil's Bit Scabious,Frequent,15-30%,Succisa pratensis,Plantae,,,,,Succisa,pratensis,Species,rare.finishing.paintings,55.695922,-5.270546,WGS84,SCT,,Vegetation,RossN,,Abundant,30-50%
13,SS-Veg-TS-149-2R,SS-Veg-TS-149-2-6,HumanObservation,14/09/2026,Wet Modified Bog,E1.7,Sundew,Rare,0-5%,Drosera rotundifolia,Plantae,,,,,Drosera,rotundifolia,Species,rare.finishing.paintings,55.695922,-5.270546,WGS84,SCT,,Vegetation,RossN,,Frequent,15-30%
13,SS-Veg-TS-149-2R,SS-Veg-TS-149-2-7,HumanObservation,14/09/2026,Wet Modified Bog,E1.7,Common cottongrass,Occasional,5-15%,Eriophorum angustifolium,Plantae,,,,,Eriophorum,angustifolium,Species,coasting.tarnished.plodding,55.695949,-5.271694,WGS84,SCT,,Vegetation,RossN,,Occasional,5-15%
13,SS-Veg-TS-149-2R,SS-Veg-TS-149-2-8,HumanObservation,14/09/2026,Wet Modified Bog,E1.7,Sphagnum moss,Abundant,30-50%,Sphagnum spp.,Plantae,,,,,Sphagnum ,N/A,Genus,coasting.tarnished.plodding,55.695949,-5.271694,WGS84,SCT,dairies.reefs.horizons small pond,Vegetation,RossN,,Rare,0-5%
13,SS-Veg-TS-149-2R,SS-Veg-TS-149-2-9,HumanObservation,14/09/2026,Wet Modified Bog,E1.7,Rhododendron,Abundant,30-50%,Rhododendron ponticum,Plantae,,,,,Rhododendron,ponticum,Species,cyclones.contact.tubes,55.696138,-5.273321,WGS84,SCT,Invasive!!,Vegetation,RossN,,Dominant,50-100%
14,SS-Veg-TS-159-1R,SS-Veg-TS-159-1R-1,HumanObservation,15/09/2026,Mosaic: Scattered Bracken-Broadleaved Woodland,C2-A1.1,Bracken,Dominant ,50-100%,Pteridium aquilinum,Plantae,,,,,Pteridium,aquilinum,Species,springing.crisps.example,55.699883,-5.2836,WGS84,SCT,Invasive Rhododendron present with Frequent abundance,Vegetation,RossN,,Abundant,30-50%
14,SS-Veg-TS-159-1R,SS-Veg-TS-159-1R-2,HumanObservation,15/09/2026,Mosaic: Scattered Bracken-Broadleaved Woodland,C2-A1.1,Ash Tree,Occasional,5-15%,Fraxinus excelsior,Plantae,,,,,Fraxinus,excelsior,Species,springing.crisps.example,55.699883,-5.2836,WGS84,SCT,,Vegetation,RossN,,Frequent,15-30%
14,SS-Veg-TS-159-1R,SS-Veg-TS-159-1R-3,HumanObservation,15/09/2026,Mosaic: Scattered Bracken-Broadleaved Woodland,C2-A1.1,Yellow Iris,Occasional,5-15%,Iris pseudacorus,Plantae,,,,,Iris,Iris pseudacorus,Species,springing.crisps.example,55.699883,-5.2836,WGS84,SCT,"Area next to local back garden, may be influenced by gardening activities",Vegetation,RossN,,Occasional,5-15%
14,SS-Veg-TS-159-1R,SS-Veg-TS-159-1R-4,HumanObservation,15/09/2026,Mosaic: Scattered Bracken-Broadleaved Woodland,C2-A1.1,Hawthorn,Frequent,15-30%,Crataegus monogyna,Plantae,,,,,Crataegus,monogyna,Species,springing.crisps.example,55.699883,-5.2836,WGS84,SCT,Appear ungrazed,Vegetation,RossN,,Rare,0-5%
15,SS-Veg-TS-159-2R,SS-Veg-TS-159-2R-1,HumanObservation,15/09/2026,Continuous Bracken,C1,Bracken ,Dominant,50-100%,Pteridium aquilinum,Plantae,,,,,Pteridium,aquilinum,Species,bland.ramps.stoops,55.696917,-5.27255,WGS84,SCT,Occasional rhododendron,Vegetation,RossN,,Dominant,50-100%
15,SS-Veg-TS-159-2R,SS-Veg-TS-159-2R-2,HumanObservation,15/09/2026,Continuous Bracken,C1,Purple Moor Grass,Occasional,5-15%,Molinia caerulea,Plantae,,,,,Molinia,caerulea,Species,bland.ramps.stoops,55.696917,-5.27255,WGS84,SCT,,Vegetation,RossN,,Abundant,30-50%
15,SS-Veg-TS-159-2R,SS-Veg-TS-159-2R-3,HumanObservation,15/09/2026,Continuous Bracken,C1,Bell Heather,Rare,0-5%,Erica cinerea,Plantae,,,,,Erica ,cinerea,Species,bland.ramps.stoops,55.696917,-5.27255,WGS84,SCT,,Vegetation,RossN,,Frequent,15-30%
15,SS-Veg-TS-159-2R,SS-Veg-TS-159-2R-4,HumanObservation,15/09/2026,Continuous Bracken,C1,Crossleaf Heather,Rare,0-5%,Erica tetralix,Plantae,,,,,Erica ,tetralix,Species,bland.ramps.stoops,55.696917,-5.27255,WGS84,SCT,,Vegetation,RossN,,Occasional,5-15%
15,SS-Veg-TS-159-2R,SS-Veg-TS-159-2R-5,HumanObservation,15/09/2026,Continuous Bracken,C1,Bog Asphodel,Rare,0-5%,Narthecium ossifragum,Plantae,,,,,Narthecium,ossifragum,Species,bland.ramps.stoops,55.696917,-5.27255,WGS84,SCT,,Vegetation,RossN,,Rare,0-5%
15,SS-Veg-TS-159-2R,SS-Veg-TS-159-2R-6,HumanObservation,15/09/2026,Continuous Bracken,C1,Rowan Tree,Rare,0-5%,Sorbus aucuparia,Plantae,,,,,Sorbus,aucuparia,Species,bland.ramps.stoops,55.696917,-5.27255,WGS84,SCT,,Vegetation,RossN,,Dominant,50-100%
16,SS-Veg-TS-159-2R,SS-Veg-TS-159-2R-7,HumanObservation,15/09/2026,Wet Modified Bog,E1.7,Purple Moor Grass,Dominant ,50-100%,Molinia caerulea,Plantae,,,,,Molinia ,caerulea,Species,clincher.face.greet,55.69665,-5.273367,WGS84,SCT,,Vegetation,RossN,,Abundant,30-50%
16,SS-Veg-TS-159-2R,SS-Veg-TS-159-2R-8,HumanObservation,15/09/2026,Wet Modified Bog,E1.7,Bog Asphodel,Abundant,30-50%,Narthecium ossifragum,Plantae,,,,,Narthecium,ossifragum,Species,clincher.face.greet,55.69665,-5.273367,WGS84,SCT,,Vegetation,RossN,,Frequent,15-30%
16,SS-Veg-TS-159-2R,SS-Veg-TS-159-2R-9,HumanObservation,15/09/2026,Wet Modified Bog,E1.7,Crossleaf Heather,Frequent,15-30%,Erica tetralix,Plantae,,,,,Erica ,tetralix,Species,clincher.face.greet,55.69665,-5.273367,WGS84,SCT,,Vegetation,RossN,,Occasional,5-15%
16,SS-Veg-TS-159-2R,SS-Veg-TS-159-2R-10,HumanObservation,15/09/2026,Wet Modified Bog,E1.7,Sphagnum moss,Occasional,5-15%,Sphagnum spp.,Plantae,,,,,Sphagnum ,N/A,Genus,clincher.face.greet,55.69665,-5.273367,WGS84,SCT,,Vegetation,RossN,,Rare,0-5%
16,SS-Veg-TS-159-2R,SS-Veg-TS-159-2R-11,HumanObservation,15/09/2026,Wet Modified Bog,E1.7,Bell Heather,Rare,0-5%,Erica cinerea,Plantae,,,,,Erica ,cinerea,Species,clincher.face.greet,55.69665,-5.273367,WGS84,SCT,,Vegetation,RossN,,Dominant,50-100%
16,SS-Veg-TS-159-2R,SS-Veg-TS-159-2R-13,HumanObservation,15/09/2026,Wet Modified Bog,E1.7,Common Heather,Rare,0-5%,Calluna vulgaris,Plantae,,,,,Calluna,vulgaris,Species,clincher.face.greet,55.69665,-5.273367,WGS84,SCT,Heavily Inundated soil,Vegetation,RossN,,Abundant,30-50%
17,SS-Veg-TS-159-2R,SS-Veg-TS-159-2R-14,HumanObservation,15/09/2026,Continuous Bracken,C1,Bracken ,Dominant,50-100%,Pteridium aquilinum,Plantae,,,,,Pteridium,aquilinum,Species,attention.aviation.mouse,55.694733,-5.269167,WGS84,SCT,"No crossleaf heather here, more bell heather, Rhododendron present ///grills.cost.encoding",Vegetation,RossN,,Frequent,15-30%
18,SS-Veg-TS-159-2R,SS-Veg-TS-159-2R-15,HumanObservation,15/09/2026,Mosaic: Scattered Bracken-Moorland,C2-B2,Rowan Tree,Rare,0-5%,Sorbus aucuparia,Plantae,,,,,Sorbus,aucuparia,Species,endings.goodnight.cheered,55.6942,-5.271783,WGS84,SCT,Occasional rhododendron,Vegetation,RossN,,Occasional,5-15%
18,SS-Veg-TS-159-2R,SS-Veg-TS-159-2R-16,HumanObservation,15/09/2026,Mosaic: Scattered Bracken-Moorland,C2-B2,Bracken ,Dominant,50-100%,Pteridium aquilinum,Plantae,,,,,Pteridium,aquilinum,Species,endings.goodnight.cheered,55.6942,-5.271783,WGS84,SCT,,Vegetation,RossN,,Rare,0-5%
18,SS-Veg-TS-159-2R,SS-Veg-TS-159-2R-17,HumanObservation,15/09/2026,Mosaic: Scattered Bracken-Moorland,C2-B2,Purple Moor Grass,Frequent,15-30%,Molinia caerulea,Plantae,,,,,Molinia,caerulea,Species,endings.goodnight.cheered,55.6942,-5.271783,WGS84,SCT,,Vegetation,RossN,,Dominant,50-100%
18,SS-Veg-TS-159-2R,SS-Veg-TS-159-2R-18,HumanObservation,15/09/2026,Mosaic: Scattered Bracken-Moorland,C2-B2,Bell Heather,Occasional,5-15%,Erica cinerea,Plantae,,,,,Erica ,cinerea,Species,endings.goodnight.cheered,55.6942,-5.271783,WGS84,SCT,,Vegetation,RossN,,Abundant,30-50%
18,SS-Veg-TS-159-2R,SS-Veg-TS-159-2R-19,HumanObservation,15/09/2027,Mosaic: Scattered Bracken-Moorland,C2-B2,Purple Moor Grass,Dominant,50-100%,Molinia caerulea,Plantae,,,,,Molinia ,caerulea,Species,dreading.strutted.engulfing,55.694117,-5.2704,WGS84,SCT,Bog indicators near drainage paths,Vegetation,RossN,,Frequent,15-30%
18,SS-Veg-TS-159-2R,SS-Veg-TS-159-2R-20,HumanObservation,15/09/2028,Mosaic: Scattered Bracken-Moorland,C2-B2,Bracken ,Abundant,30-50%,Pteridium aquilinum,Plantae,,,,,Pteridium,aquilinum,Species,dreading.strutted.engulfing,55.694117,-5.2704,WGS84,SCT,,Vegetation,RossN,,Occasional,5-15%
18,SS-Veg-TS-159-2R,SS-Veg-TS-159-2R-21,HumanObservation,15/09/2029,Mosaic: Scattered Bracken-Moorland,C2-B2,Bell Heather,Frequent,15-30%,Erica cinerea,Plantae,,,,,Erica ,cinerea,Species,dreading.strutted.engulfing,55.694117,-5.2704,WGS84,SCT,,Vegetation,RossN,,Rare,0-5%
18,SS-Veg-TS-159-2R,SS-Veg-TS-159-2R-22,HumanObservation,15/09/2030,Mosaic: Scattered Bracken-Moorland,C2-B2,Sphagnum moss,Occasional,5-15%,Sphagnum spp.,Plantae,,,,,Sphagnum ,N/A,Genus,dreading.strutted.engulfing,55.694117,-5.2704,WGS84,SCT,,Vegetation,RossN,,Dominant,50-100%
19,SS-Veg-TS-139-2,SS-Veg-TS-139-2-1,HumanObservation,13/09/2026,Continuous Bracken,C1,Bracken,Dominant,50-100%,Pteridium aquilinum,Plantae,,,,,Pteridium ,aquilinum,Species,burying.jousting.contract,?,?,WGS84,SCT,,Vegetation,ChloeC,,Abundant,30-50%
20,SS-Veg-TS-139-2,SS-Veg-TS-139-2-2,HumanObservation,13/09/2026,Semi-improved Acidic Grassland,B2,Wavy-Hair Grass,Dominant ,50-100%,Deschampia flexuosa,Plantae,,,,,Deschampia,flexuosa,Species,tiger.streak.appeal,55.698267,-5.285089,WGS84,SCT,,Vegetation,ChloeC,,Frequent,15-30%
20,SS-Veg-TS-139-2,SS-Veg-TS-139-2-3,HumanObservation,13/09/2026,Semi-improved Acidic Grassland,B2,Mat Grass,Dominant ,50-100%,Nardus Stricta,Plantae,,,,,Nardus ,stricta,Species,tiger.streak.appeal,55.698267,-5.285089,WGS84,SCT,,Vegetation,ChloeC,,Occasional,5-15%
20,SS-Veg-TS-139-2,SS-Veg-TS-139-2-4,HumanObservation,13/09/2026,Semi-Improved Acidic Grassland,B2,Hawthorne,Occasional,5-15%,Crataegus monogyna,Plantae,,,,,Crataegus,monogyna,Species,tiger.streak.appeal,55.698267,-5.285089,WGS84,SCT,Heavily grazed Hawthorne,Vegetation,ChloeC,,Rare,0-5%
20,SS-Veg-TS-139-2,SS-Veg-TS-139-2-5,HumanObservation,13/09/2026,Semi-improved Acidic Grassland,B2,Glaucous sedge,Rare,0-5%,Carex flacca,Plantae,,,,,Carex ,flacca,Species,tiger.streak.appeal,55.698267,-5.285089,WGS84,SCT,,Vegetation,ChloeC,,Dominant,50-100%
21,SS-Veg-TS-139-2,SS-Veg-TS-139-2-6,HumanObservation,13/09/2026,Wet heath/acidic grassland mosaic,D6,Sphagnum moss,Frequent,15-30%,Sphagnum flesum,Plantae,,,,,Sphagnum ,N/A,Species,extremes.corkscrew.stylists,55.698186,-5.285089,WGS84,,,Vegetation,ChloeC,,Abundant,30-50%
21,SS-Veg-TS-139-2,SS-Veg-TS-139-2-7,HumanObservation,13/09/2026,Wet heath/acidic grassland mosaic,D6,Bell Heather,Frequent,15-30%,Erica cinerea,Plantae,,,,,Erica ,cinerea,Species,extremes.corkscrew.stylists,55.698186,-5.285089,WGS84,,,Vegetation,ChloeC,,Frequent,15-30%
21,SS-Veg-TS-139-2,SS-Veg-TS-139-2-8,HumanObservation,13/09/2026,Wet heath/acidic grassland mosaic,D6,Blaeberry,Frequent,15-30%,Vaccinum myrtillus,Plantae,,,,,Vaccinum,myrtillus,Species,extremes.corkscrew.stylists,55.698186,-5.285089,WGS84,,,Vegetation,ChloeC,,Occasional,5-15%
21,SS-Veg-TS-139-2,SS-Veg-TS-139-2-9,HumanObservation,13/09/2026,Wet heath/acidic grassland mosaic,D6,Soft rush,Occasional,5-15%,Juncus effusus,Plantae,,,,,Juncus,effusus,Species,extremes.corkscrew.stylists,55.698186,-5.285089,WGS84,,,Vegetation,ChloeC,,Rare,0-5%
21,SS-Veg-TS-139-2,SS-Veg-TS-139-2-10,HumanObservation,13/09/2026,Wet heath/acidic grassland mosaic,D6,Common gorse,occasional,5-15%,Ulex europaeus,Plantae,,,,,Ulex,europaeus,Species,extremes.corkscrew.stylists,55.698186,-5.285089,WGS84,,,Vegetation,ChloeC,,Dominant,50-100%
21,SS-Veg-TS-139-2,SS-Veg-TS-139-2-11,HumanObservation,13/09/2026,Wet heath/acidic grassland mosaic,D6,Hawthorne ,Rare,0-5%,Crataegus monogyna,Plantae,,,,,Crataegus,monogyna,Species,extremes.corkscrew.stylists,55.698186,-5.285089,WGS84,,,Vegetation,ChloeC,,Abundant,30-50%
22,SS-Veg-TS-139-2,SS-Veg-TS-139-2-12,HumanObservation,13/09/2026,Neutral grassland,B2,Hawthorne ,Occasional,5-15%,Pteridium aquilinum,Plantae,,,,,Pteridium,aquilinum,Species,flocking.father.shower,55.696973,-5.283941,WGS84,,Golden Eagle spotted,Vegetation,ChloeC,,Frequent,15-30%
22,SS-Veg-TS-139-2,SS-Veg-TS-139-2-13,HumanObservation,13/09/2026,Neutral grassland,B2,Mat grass,Dominant ,50-100%,Nardus stricta ,Plantae,,,,,Nardus ,stricta,Species,flocking.father.shower,55.696973,-5.283941,WGS84,,,Vegetation,ChloeC,,Occasional,5-15%
22,SS-Veg-TS-139-2,SS-Veg-TS-139-2-14,HumanObservation,13/09/2026,Neutral grassland,B2,Sweet vernal,Dominant ,50-100%,Anthoxanthum odoratum,Plantae,,,,,Anthoxanthum ,odoratum,Species,flocking.father.shower,55.696973,-5.283941,WGS84,,,Vegetation,ChloeC,,Rare,0-5%
22,SS-Veg-TS-139-2,SS-Veg-TS-139-2-15,HumanObservation,13/09/2026,Neutral grassland,B2,Crested dogtail,Dominant ,50-100%,Cynosurus cristatus,Plantae,,,,,Cynosurus ,cristatus,Species,flocking.father.shower,55.696973,-5.283941,WGS84,,,Vegetation,ChloeC,,Dominant,50-100%
22,SS-Veg-TS-139-2,SS-Veg-TS-139-2-16,HumanObservation,13/09/2026,Neutral grassland,B2,Bell heather,Rare,0-5%,Erica cinerea,Plantae,,,,,Erica ,cinerea,Species,flocking.father.shower,55.696973,-5.283941,WGS84,,,Vegetation,ChloeC,,Abundant,30-50%
23,SS-Veg-TS-139-2,SS-Veg-TS-139-2-17,HumanObservation,13/09/2026,Acidic moorland,B2,Purple Moor Grass,Dominant ,50-100%,Molinia caerulea,Plantae,,,,,Molinia ,caerulea,Species,hairstyle.crackling.swoop,55.697512,-5.284467,WGS84,,,Vegetation,ChloeC,,Frequent,15-30%
23,SS-Veg-TS-139-2,SS-Veg-TS-139-2-18,HumanObservation,13/09/2026,Acidic moorland,B2,Braken,Occasional,5-15%,Pteridium aquilinum,Plantae,,,,,Pteridium ,aquilinum,Species,hairstyle.crackling.swoop,55.697512,-5.284467,WGS84,,,Vegetation,ChloeC,,Occasional,5-15%
23,SS-Veg-TS-139-2,SS-Veg-TS-139-2-19,HumanObservation,13/09/2026,Acidic moorland,B2,Hawthorne ,Rare,0-5%,Crataegus monogyna,Plantae,,,,,Crataegus,monogyna,Species,hairstyle.crackling.swoop,55.697512,-5.284467,WGS84,,,Vegetation,ChloeC,,Rare,0-5%
23,SS-Veg-TS-139-2,SS-Veg-TS-139-2-20,HumanObservation,13/09/2026,Acidic moorland,B2,Bell Heather,Rare,0-5%,Erica cinerea,Plantae,,,,,Erica,cinerea,Species,hairstyle.crackling.swoop,55.697512,-5.284467,WGS84,,,Vegetation,ChloeC,,Dominant,50-100%
23,SS-Veg-TS-139-2,SS-Veg-TS-139-2-21,HumanObservation,13/09/2026,Acidic moorland,B2,Bramble ,rare,0-5%,Rubus fruticosus,Plantae,,,,,Rubus ,fruticosus,Species,hairstyle.crackling.swoop,55.697512,-5.284467,WGS84,,,Vegetation,ChloeC,,Abundant,30-50%
23,SS-Veg-TS-139-2,SS-Veg-TS-139-2-22,HumanObservation,13/09/2026,Acidic moorland,B2,Gallium,Dominant ,50-100%,Galium saxatile,Plantae,,,,,Galium,saxatile,Species,hairstyle.crackling.swoop,55.697512,-5.284467,WGS84,,,Vegetation,ChloeC,,Frequent,15-30%
23,SS-Veg-TS-139-2,SS-Veg-TS-139-2-23,HumanObservation,13/09/2026,Acidic moorland,B2,Blaeberry,frequent,15-30%,Vaccinium myrtillus,Plantae,,,,,Vaccinium ,myrtillus,Species,hairstyle.crackling.swoop,55.697512,-5.284467,WGS84,,,Vegetation,ChloeC,,Occasional,5-15%
24,SS-Veg-TS-139-2,SS-Veg-TS-139-2-24,HumanObservation,13/09/2026,Continuous Bracken,C1,Bracken ,Dominant ,50-100%,Pteridium aquilinum,Plantae,,,,,Pteridium ,aquilinum,Species,reversed.ramp.grounding,55.697998,-5.284945,WGS84,,,Vegetation,ChloeC,,Rare,0-5%
25,SS-Veg-TS-139-2,SS-Veg-TS-139-2-25,HumanObservation,13/09/2026,Wet heath/acidic grassland mosaic,D6,Wavy-Hair Grass,Frequent,15-30%,Deschampia flexuosa,Plantae,,,,,Deschampia,flexuosa,Species,flaking.wildfires.tested,55.696973,-5.283941,WGS84,,,Vegetation,ChloeC,,Dominant,50-100%
25,SS-Veg-TS-139-2,SS-Veg-TS-139-2-26,HumanObservation,13/09/2026,Wet heath/acidic grassland mosaic,D6,Bell heather,Frequent,15-30%,Erica cinerea,Plantae,,,,,Erica ,cinerea,Species,flaking.wildfires.tested,55.696973,-5.283941,WGS84,,,Vegetation,ChloeC,,Abundant,30-50%
25,SS-Veg-TS-139-2,SS-Veg-TS-139-2-27,HumanObservation,13/09/2026,Wet heath/acidic grassland mosaic,D6,Crossleaf Heather,Rare,0-5%,Erica tetralix,Plantae,,,,,Erica ,tetralix,Species,flaking.wildfires.tested,55.696973,-5.283941,WGS84,,,Vegetation,ChloeC,,Frequent,15-30%
25,SS-Veg-TS-139-2,SS-Veg-TS-139-2-28,HumanObservation,13/09/2026,Wet heath/acidic grassland mosaic,D6,Rhododendron,Frequent,15-30%,Rhododendron ponticum ,Plantae,,,,,Rhododendron ,ponticum,Species,flaking.wildfires.tested,55.696973,-5.283941,WGS84,,,Vegetation,ChloeC,,Occasional,5-15%
25,SS-Veg-TS-139-2,SS-Veg-TS-139-2-29,HumanObservation,13/09/2026,Wet heath/acidic grassland mosaic,D6,Fox glove,rare,0-5%,Digitalis purpurea,Plantae,,,,,Digitalis ,purpurea,Species,flaking.wildfires.tested,55.696973,-5.283941,WGS84,,,Vegetation,ChloeC,,Rare,0-5%
25,SS-Veg-TS-139-2,SS-Veg-TS-139-2-30,HumanObservation,13/09/2026,Wet heath/acidic grassland mosaic,D6,Sweet vernal,Occasional,5-15%,Anthoxanthum odoratum,Plantae,,,,,Anthoxanthum,odoratum,Species,flaking.wildfires.tested,55.696973,-5.283941,WGS84,,,Vegetation,ChloeC,,Dominant,50-100%
25,SS-Veg-TS-139-2,SS-Veg-TS-139-2-31,HumanObservation,13/09/2026,Wet heath/acidic grassland mosaic,D6,Mat grass,Occasional,5-15%,Nardus stricta,Plantae,,,,,Nardus ,stricta,Species,flaking.wildfires.tested,55.696973,-5.283941,WGS84,,,Vegetation,ChloeC,,Abundant,30-50%
1,SS-Veg-TS-139-2,SS-Veg-TS-139-2-32,HumanObservation,13/09/2026,Wet dwarf shrub heath,D2,Mat grass,Frequent,15-30%,Nardus stricta ,Plantae,,,,,Nardus ,stricta,Species,internal.runs.health,55.69665,-5.283941,WGS84,,,Vegetation,ChloeC,,Frequent,15-30%
1,SS-Veg-TS-139-2,SS-Veg-TS-139-2-33,HumanObservation,13/09/2026,Wet dwarf shrub heath,D2,Tufted Hair Grass,Abundant,30-50%,Deschampsia cespitosa,Plantae,,,,,Deschampsia ,cespitosa,Species,internal.runs.health,55.69665,-5.283941,WGS84,,,Vegetation,ChloeC,,Occasional,5-15%
1,SS-Veg-TS-139-2,SS-Veg-TS-139-2-34,HumanObservation,13/09/2026,Wet dwarf shrub heath,D2,Purple Moor Grass,Abundant,30-50%,Molinia caerulea,Plantae,,,,,Molinia ,caerulea,Species,internal.runs.health,55.69665,-5.283941,WGS84,,,Vegetation,ChloeC,,Rare,0-5%
1,SS-Veg-TS-139-2,SS-Veg-TS-139-2-35,HumanObservation,13/09/2026,Wet dwarf shrub heath,D2,Bell Heather,Frequent,15-30%,Erica cinerea,Plantae,,,,,Erica ,cinerea,Species,internal.runs.health,55.69665,-5.283941,WGS84,,,Vegetation,ChloeC,,Abundant,30-50%
1,SS-Veg-TS-139-2,SS-Veg-TS-139-2-36,HumanObservation,13/09/2026,Wet dwarf shrub heath,D2,Crossleaf Heather,Occasional,5-15%,Erica tetralix,Plantae,,,,,Erica ,tetralix,Species,internal.runs.health,55.69665,-5.283941,WGS84,,,Vegetation,ChloeC,,Frequent,15-30%
1,SS-Veg-TS-139-2,SS-Veg-TS-139-2-37,HumanObservation,13/09/2026,Wet dwarf shrub heath,D2,Hawthorne ,Occasional,5-15%,Crataegus monogyna,Plantae,,,,,Crataegus,monogyna,Species,internal.runs.health,55.69665,-5.283941,WGS84,,,Vegetation,ChloeC,,Occasional,5-15%
1,SS-Veg-TS-139-2,SS-Veg-TS-139-2-38,HumanObservation,13/09/2026,Wet dwarf shrub heath,D2,Bracken ,Frequent,15-30%,Pteridium aquilinum,Plantae,,,,,Pteridium ,aquilinum,Species,internal.runs.health,55.69665,-5.283941,WGS84,,,Vegetation,ChloeC,,Rare,0-5%
1,SS-Veg-TS-139-2,SS-Veg-TS-139-2-39,HumanObservation,13/09/2026,Wet dwarf shrub heath,D2,Soft rush,Occasional,5-15%,Juncus effusus,Plantae,,,,,Juncus ,effusus,Species,internal.runs.health,55.69665,-5.283941,WGS84,,,Vegetation,ChloeC,,Dominant,50-100%
1,SS-Veg-TS-149-2,SS-Veg-TS-149-2-1,HumanObservation,14/09/2026,Wet dwarf shrub heath,D2,Purple Moor Grass,Abundant,30-50%,Molinia caerulea,Plantae,,,,,Molinia ,caerulea,Species,perfectly.isolating.kinds,55.698213,-5.285041,WGS84,,,Vegetation,ChloeC,,Abundant,30-50%
1,SS-Veg-TS-149-2,SS-Veg-TS-149-2-2,HumanObservation,14/09/2026,Wet dwarf shrub heath,D2,Fox glove,Occasional,5-15%,Digitalis purpurea,Plantae,,,,,Digitalis ,purpurea,Species,perfectly.isolating.kinds,55.698213,-5.285041,WGS84,,,Vegetation,ChloeC,,Frequent,15-30%
1,SS-Veg-TS-149-2,SS-Veg-TS-149-2-3,HumanObservation,14/09/2026,Wet dwarf shrub heath,D2,Tufted Hair Grass,Occasional,5-15%,Deschampsia cespitosa,Plantae,,,,,Deschampsia ,cespitosa,Species,perfectly.isolating.kinds,55.698213,-5.285041,WGS84,,,Vegetation,ChloeC,,Occasional,5-15%
2,SS-Veg-TS-149-2,SS-Veg-TS-149-2-4,HumanObservation,14/09/2026,Marsh/marshy grassland,B5,Soft rush,Occasional,5-15%,Juncus effusus,Plantae,,,,,Juncus ,effusus,Species,launch.riverside.kate,,,WGS84,,,Vegetation,ChloeC,,Rare,0-5%
2,SS-Veg-TS-149-2,SS-Veg-TS-149-2-5,HumanObservation,14/09/2026,Marsh/marshy grassland,B5,Rhododendron,Rare,0-5%,Rhododendron ponticum,Plantae,,,,,Rhododendron ,ponticum,Species,launch.riverside.kate,,,WGS84,,,Vegetation,ChloeC,,Dominant,50-100%
2,SS-Veg-TS-149-2,SS-Veg-TS-149-2-6,HumanObservation,14/09/2026,Marsh/marshy grassland,B5,Devils bit scabious,Rare,0-5%,Succisa pratensis,Plantae,,,,,Succisa ,pratensis,Species,launch.riverside.kate,,,WGS84,,,Vegetation,ChloeC,,Abundant,30-50%
2,SS-Veg-TS-149-2,SS-Veg-TS-149-2-7,HumanObservation,14/09/2026,Marsh/marshy grassland,B5,Bell Heather,Occasional,5-15%,Erica cinerea,Plantae,,,,,Erica ,cinerea,Species,launch.riverside.kate,,,WGS84,,,Vegetation,ChloeC,,Frequent,15-30%
3,SS-Veg-TS-149-2,SS-Veg-TS-149-2-8,HumanObservation,14/09/2026,Continuous Bracken,C1,Bracken ,Dominant ,50-100%,Pteridium aquilinum,Plantae,,,,,Pteridium ,aquilinum,Species,lemmings.earplugs.obviously,55.698105,-5.285567,WGS84,,,Vegetation,ChloeC,,Occasional,5-15%
4,SS-Veg-TS-149-2,SS-Veg-TS-149-2-9,HumanObservation,14/09/2026,Continuous Bracken,C1,Bracken ,Dominant ,50-100%,Pteridium aquilinum,Plantae,,,,,Pteridium ,aquilinum,Species,including.back.bypasses,55.697755,-5.285711,WGS84,,,Vegetation,ChloeC,,Rare,0-5%
5,SS-Veg-TS-149-2,SS-Veg-TS-149-2-10,HumanObservation,14/09/2026,Acidic grassland,B1,Purple Moor Grass,Frequent,15-30%,Molinia caerulea,Plantae,,,,,Molinia ,caerulea,Species,securing.curries.complies,55.697863,-5.286046,WGS84,,,Vegetation,ChloeC,,Dominant,50-100%
5,SS-Veg-TS-149-2,SS-Veg-TS-149-2-11,HumanObservation,14/09/2026,Acidic grassland,B1,Soft rush,Occasional,5-15%,Juncus effusus,Plantae,,,,,Juncus ,effusus,Species,securing.curries.complies,55.697863,-5.286046,WGS84,,,Vegetation,ChloeC,,Abundant,30-50%
5,SS-Veg-TS-149-2,SS-Veg-TS-149-2-12,HumanObservation,14/09/2026,Acidic grassland,B1,Mat grass,Abundant,30-50%,Nardus stricta,Plantae,,,,,Nardus stricta,Nardus stricta,Species,securing.curries.complies,55.697863,-5.286046,WGS84,,,Vegetation,ChloeC,,Frequent,15-30%
5,SS-Veg-TS-149-2,SS-Veg-TS-149-2-13,HumanObservation,14/09/2026,Acidic grassland,B1,Wavy-Hair Grass,Abundant,30-50%,Deschampia flexuosa,Plantae,,,,,Deschampia ,flexuosa,Species,securing.curries.complies,55.697863,-5.286046,WGS84,,,Vegetation,ChloeC,,Occasional,5-15%
5,SS-Veg-TS-149-2,SS-Veg-TS-149-2-14,HumanObservation,14/09/2026,Acidic grassland,B1,Bracken ,Rare,0-5%,Pteridium aquilinum,Plantae,,,,,Pteridium ,aquilinum,Species,securing.curries.complies,55.697863,-5.286046,WGS84,,,Vegetation,ChloeC,,Rare,0-5%
5,SS-Veg-TS-149-2,SS-Veg-TS-149-2-15,HumanObservation,14/09/2026,Acidic grassland,B1,Hawthorne ,Rare,0-5%,Crataegus monogyna,Plantae,,,,,Crataegus ,monogyna,Species,securing.curries.complies,55.697863,-5.286046,WGS84,,,Vegetation,ChloeC,,Dominant,50-100%
5,SS-Veg-TS-149-2,SS-Veg-TS-149-2-16,HumanObservation,14/09/2026,Acidic grassland,B1,Bell Heather,Rare,0-5%,Erica cinerea,Plantae,,,,,Erica,cinerea,Species,securing.curries.complies,55.697863,-5.286046,WGS84,,,Vegetation,ChloeC,,Abundant,30-50%
6,SS-Veg-TS-149-2,SS-Veg-TS-149-2-17,HumanObservation,14/09/2026,Marsh/marshy grassland,B5,Purple Moor Grass,Abundant,30-50%,Molinia caerulea,Plantae,,,,,Molinia,caerulea,Species,villa.superhero.position,54.392855,-6.114606,WGS84,,,Vegetation,ChloeC,,Frequent,15-30%
6,SS-Veg-TS-149-2,SS-Veg-TS-149-2-18,HumanObservation,14/09/2026,Marsh/marshy grassland,B5,Heath rush,Abundant,30-50%,Juncus squarrosus,Plantae,,,,,Juncus ,squarrosus,Species,villa.superhero.position,54.392855,-6.114606,WGS84,,,Vegetation,ChloeC,,Occasional,5-15%
6,SS-Veg-TS-149-2,SS-Veg-TS-149-2-19,HumanObservation,14/09/2026,Marsh/marshy grassland,B5,Mat grass,Occasional,5-15%,Nardus stricta,Plantae,,,,,Nardus stricta,Nardus stricta,Species,villa.superhero.position,54.392855,-6.114606,WGS84,,,Vegetation,ChloeC,,Rare,0-5%
6,SS-Veg-TS-149-2,SS-Veg-TS-149-2-20,HumanObservation,14/09/2026,Marsh/marshy grassland,B5,Meadow buttercup,Rare,0-5%,Ranunculus acris,Plantae,,,,,Ranunculus,acris,Species,villa.superhero.position,54.392855,-6.114606,WGS84,,,Vegetation,ChloeC,,Dominant,50-100%
6,SS-Veg-TS-149-2,SS-Veg-TS-149-2-21,HumanObservation,14/09/2026,Marsh/marshy grassland,B5,Gallium,Occasional,5-15%,Galium saxatile,Plantae,,,,,Galium ,saxatile,Species,villa.superhero.position,54.392855,-6.114606,WGS84,,,Vegetation,ChloeC,,Abundant,30-50%
7,SS-Veg-TS-149-2,SS-Veg-TS-149-2-22,HumanObservation,14/09/2026,Acidic grassland,B1,Mat grass,Dominant ,50-100%,Nardus stricta,Plantae,,,,,Nardus ,stricta,Species,captive.finishes.generative,,,WGS84,,,Vegetation,ChloeC,,Frequent,15-30%
7,SS-Veg-TS-149-2,SS-Veg-TS-149-2-23,HumanObservation,14/09/2026,Acidic grassland,B1,Wavy hair grass,Occasional,15-30%,Deschampia flexuosa,Plantae,,,,,Deschampia ,flexuosa,Species,captive.finishes.generative,,,WGS84,,,Vegetation,ChloeC,,Occasional,5-15%
7,SS-Veg-TS-149-2,SS-Veg-TS-149-2-24,HumanObservation,14/09/2026,Acidic grassland,B1,Purple Moor Grass,Rare,0-5%,Molinia caerulea,Plantae,,,,,Molinia ,caerulea,Species,captive.finishes.generative,,,WGS84,,,Vegetation,ChloeC,,Rare,0-5%
7,SS-Veg-TS-149-2,SS-Veg-TS-149-2-25,HumanObservation,14/09/2026,Acidic grassland,B1,Hawthorne ,Rare,0-5%,Crataegus monogyna,Plantae,,,,,Crataegus,monogyna,Species,captive.finishes.generative,,,WGS84,,,Vegetation,ChloeC,,Dominant,50-100%
7,SS-Veg-TS-149-2,SS-Veg-TS-149-2-26,HumanObservation,14/09/2026,Acidic grassland,B1,Tufted Hair Grass,Rare,0-5%,Deschampsia cespitosa,Plantae,,,,,Deschampsia ,cespitosa,Species,captive.finishes.generative,,,WGS84,,,Vegetation,ChloeC,,Abundant,30-50%
8,SS-Veg-TS-149-2,SS-Veg-TS-149-2-27,HumanObservation,14/09/2026,Continuous Bracken,C1,Bracken ,Dominant ,50-100%,Pteridium aquilinum,Plantae,Polypodiophyta or Pteridophyta,Polypodiopsida,Polypodiales,Dennstaedtiaceae,Pteridium ,aquilinum,Species,physical.count.agreeable,55.697701,-5.284467,WGS84,,,Vegetation,ChloeC,,Frequent,15-30%
9,SS-Veg-TS-149-2,SS-Veg-TS-149-2-28,HumanObservation,14/09/2026,Wet dwarf shrub heath,D2,Fox glove,Occasional,5-15%,Digitalis purpurea,Plantae,,,,,Digitalis ,purpurea,Species,jaundice.warns.mysteries,55.697485,-5.284371,WGS84,,,Vegetation,ChloeC,,Occasional,5-15%
9,SS-Veg-TS-149-2,SS-Veg-TS-149-2-29,HumanObservation,14/09/2026,Wet dwarf shrub heath,D2,Purple Moor Grass,Dominant ,50-100%,Molinia caerulea,Plantae,,,,,Molinia ,caerulea,Species,jaundice.warns.mysteries,55.697485,-5.284371,WGS84,,,Vegetation,ChloeC,,Rare,0-5%
9,SS-Veg-TS-149-2,SS-Veg-TS-149-2-30,HumanObservation,14/09/2026,Wet dwarf shrub heath,D2,Rhododendron,Abundant,30-50%,Rhododendron ponticum,Plantae,,,,,Rhododendron ,ponticum,Species,jaundice.warns.mysteries,55.697485,-5.284371,WGS84,,,Vegetation,ChloeC,,Dominant,50-100%
9,SS-Veg-TS-149-2,SS-Veg-TS-149-2-31,HumanObservation,14/09/2026,Wet dwarf shrub heath,D2,Moss,Dominant ,50-100%,Sphagnum spp.,Plantae,Bryophyta,Sphagnopsida,Sphagnales,Sphagnaceae,Sphagnum ,N/A,Species,jaundice.warns.mysteries,55.697485,-5.284371,WGS84,,,Vegetation,ChloeC,,Abundant,30-50%
9,SS-Veg-TS-149-2,SS-Veg-TS-149-2-32,HumanObservation,14/09/2026,Wet dwarf shrub heath,D2,Bracken ,Rare,0-5%,Pteridium aquilinum,Plantae,Polypodiophyta or Pteridophyta,Polypodiopsida,Polypodiales,Dennstaedtiaceae,Pteridium ,aquilinum,Species,jaundice.warns.mysteries,55.697485,-5.284371,WGS84,,,Vegetation,ChloeC,,Frequent,15-30%
9,SS-Veg-TS-149-2,SS-Veg-TS-149-2-33,HumanObservation,14/09/2026,Wet dwarf shrub heath,D2,Soft rush,Rare,0-5%,Juncus effusus,Plantae,,,,,Juncus ,effusus,Species,jaundice.warns.mysteries,55.697485,-5.284371,WGS84,,,Vegetation,ChloeC,,Occasional,5-15%
9,SS-Veg-TS-149-2,SS-Veg-TS-149-2-34,HumanObservation,14/09/2026,Wet dwarf shrub heath,D2,Bell Heather,Rare,0-5%,Erica cinerea,Plantae,,,,,Erica ,cinerea,Species,jaundice.warns.mysteries,55.697485,-5.284371,WGS84,,,Vegetation,ChloeC,,Rare,0-5%
9,SS-Veg-TS-149-2,SS-Veg-TS-149-2-35,HumanObservation,14/09/2026,Wet dwarf shrub heath,D2,Blaeberry,Occasional,5-15%,Vaccinium myrtillus,Plantae,,,,,Vaccinium ,myrtillus,Species,jaundice.warns.mysteries,55.697485,-5.284371,WGS84,,,Vegetation,ChloeC,,Dominant,50-100%
9,SS-Veg-TS-149-2,SS-Veg-TS-149-2-36,HumanObservation,14/09/2026,Wet dwarf shrub heath,D2,Mat grass ,Rare,0-5%,Nardus stricta,Plantae,,,,,Nardus,stricta,Species,jaundice.warns.mysteries,55.697485,-5.284371,WGS84,,,Vegetation,ChloeC,,Abundant,30-50%
9,SS-Veg-TS-149-2,SS-Veg-TS-149-2-37,HumanObservation,14/09/2026,Wet dwarf shrub heath,D2,Crossleaf Heather,Rare,0-5%,Erica tetralix,Plantae,,,,,Erica ,tetralix,Species,jaundice.warns.mysteries,55.697485,-5.284371,WGS84,,,Vegetation,ChloeC,,Frequent,15-30%
10,SS-Veg-TS-149-2,SS-Veg-TS-149-2-38,HumanObservation,14/09/2026,Mosaic: Acidic grassland/marshy grassland,B1-B5,Soft rush,Frequent,15-30%,Juncus effusus,Plantae,,,,,Juncus ,effusus,Species,minivans.nursery.whizzing,55.696866,-5.285089,WGS84,,,Vegetation,ChloeC,,Occasional,5-15%
10,SS-Veg-TS-149-2,SS-Veg-TS-149-2-39,HumanObservation,14/09/2026,Mosaic: Acidic grassland/marshy grassland,B1-B5,Wavy-Hair Grass,Dominant ,50-100%,Deschampia flexuosa,Plantae,,,,,Deschampia ,flexuosa,Species,minivans.nursery.whizzing,55.696866,-5.285089,WGS84,,,Vegetation,ChloeC,,Rare,0-5%
10,SS-Veg-TS-149-2,SS-Veg-TS-149-2-40,HumanObservation,14/09/2026,Mosaic: Acidic grassland/marshy grassland,B1-B5,Mat grass ,Abundant,30-50%,Nardus stricta,Plantae,,,,,Nardus,stricta,Species,minivans.nursery.whizzing,55.696866,-5.285089,WGS84,,,Vegetation,ChloeC,,Dominant,50-100%
10,SS-Veg-TS-149-2,SS-Veg-TS-149-2-41,HumanObservation,14/09/2026,Mosaic: Acidic grassland/marshy grassland,B1-B5,Purple Moor Grass,Occasional,5-15%,Molinia caerulea,Plantae,,,,,Molinia ,caerulea,Species,minivans.nursery.whizzing,55.696866,-5.285089,WGS84,,,Vegetation,ChloeC,,Abundant,30-50%
10,SS-Veg-TS-149-2,SS-Veg-TS-149-2-42,HumanObservation,14/09/2026,Mosaic: Acidic grassland/marshy grassland,B1-B5,Fox glove,Rare,0-5%,Digitalis purpurea,Plantae,,,,,Digitalis ,purpurea,Species,minivans.nursery.whizzing,55.696866,-5.285089,WGS84,,,Vegetation,ChloeC,,Frequent,15-30%
10,SS-Veg-TS-149-2,SS-Veg-TS-149-2-43,HumanObservation,14/09/2026,Mosaic: Acidic grassland/marshy grassland,B1-B5,Moss,Occasional,5-15%,Sphagnum spp.,Plantae,Bryophyta,Sphagnopsida,Sphagnales,Sphagnaceae,Sphagnum ,N/A,Species,minivans.nursery.whizzing,55.696866,-5.285089,WGS84,,,Vegetation,ChloeC,,Occasional,5-15%
10,SS-Veg-TS-149-2,SS-Veg-TS-149-2-44,HumanObservation,14/09/2026,Mosaic: Acidic grassland/marshy grassland,B1-B5,Bell Heather,Rare,0-5%,Erica cinerea,Plantae,,,,,Erica,cinerea,Species,minivans.nursery.whizzing,55.696866,-5.285089,WGS84,,,Vegetation,ChloeC,,Rare,0-5%
11,SS-Veg-TS-149-2,SS-Veg-TS-149-2-45,HumanObservation,14/09/2026,Wet modified bog,E1.7,Bell Heather,Dominant ,50-100%,Erica cinerea,Plantae,,,,,Erica ,cinerea,Species,wildfires.weeks.paint,55.696758,-5.284993,WGS84,,,Vegetation,ChloeC,,Dominant,50-100%
11,SS-Veg-TS-149-2,SS-Veg-TS-149-2-46,HumanObservation,14/09/2026,Wet modified bog,E1.7,Soft rush,Rare,0-5%,Juncus effusus,Plantae,,,,,Juncus ,effusus,Species,wildfires.weeks.paint,55.696758,-5.284993,WGS84,,,Vegetation,ChloeC,,Abundant,30-50%
11,SS-Veg-TS-149-2,SS-Veg-TS-149-2-47,HumanObservation,14/09/2026,Wet modified bog,E1.7,Fox glove,Rare,0-5%,Digitalis purpurea,Plantae,,,,,Digitalis ,purpurea,Species,wildfires.weeks.paint,55.696758,-5.284993,WGS84,,,Vegetation,ChloeC,,Frequent,15-30%
11,SS-Veg-TS-149-2,SS-Veg-TS-149-2-48,HumanObservation,14/09/2026,Wet modified bog,E1.7,Mat grass,Dominant ,50-100%,Nardus stricta ,Plantae,,,,,Nardus ,stricta,Species,wildfires.weeks.paint,55.696758,-5.284993,WGS84,,,Vegetation,ChloeC,,Occasional,5-15%
11,SS-Veg-TS-149-2,SS-Veg-TS-149-2-49,HumanObservation,14/09/2026,Wet modified bog,E1.7,Moss,Dominant ,50-100%,Sphagnum spp.,Plantae,Bryophyta,Sphagnopsida,Sphagnales,Sphagnaceae,Sphagnum ,N/A,Species,wildfires.weeks.paint,55.696758,-5.284993,WGS84,,,Vegetation,ChloeC,,Rare,0-5%
11,SS-Veg-TS-149-2,SS-Veg-TS-149-2-50,HumanObservation,14/09/2026,Wet modified bog,E1.7,Purple Moor Grass,Dominant ,50-100%,Molinia caerulea,Plantae,,,,,Molinia ,caerulea,Species,wildfires.weeks.paint,55.696758,-5.284993,WGS84,,,Vegetation,ChloeC,,Dominant,50-100%
12,SS-Veg-TS-149-2,SS-Veg-TS-149-2-51,HumanObservation,14/09/2026,Continuous Bracken,C1,Bracken ,Dominant ,50-100%,Pteridium aquilinum,Plantae,Polypodiophyta or Pteridophyta,Polypodiopsida,Polypodiales,Dennstaedtiaceae,Pteridium,aquilinum,Species,recruiter.vampire.learns,55.696353,-5.284993,WGS84,,,Vegetation,ChloeC,,Abundant,30-50%
13,SS-Veg-TS-149-2,SS-Veg-TS-149-2-52,HumanObservation,14/09/2026,Continuous Bracken,C1,Bracken ,Dominant ,50-100%,Pteridium aquilinum,Plantae,Polypodiophyta or Pteridophyta,Polypodiopsida,Polypodiales,Dennstaedtiaceae,Pteridium,aquilinum,Species,gobbles.slides.sues,55.696434,-5.284515,WGS84,,,Vegetation,ChloeC,,Frequent,15-30%
14,SS-Veg-TS-149-2,SS-Veg-TS-149-2-53,HumanObservation,14/09/2026,Marsh/marshy grassland,B5,Heath rush,Occasional,5-15%,Juncus squarrosus,Plantae,,,,,Juncus ,squarrosus,Species,scarred.disgraced.static,55.696192,-5.284658,WGS84,,,Vegetation,ChloeC,,Occasional,5-15%
14,SS-Veg-TS-149-2,SS-Veg-TS-149-2-54,HumanObservation,14/09/2026,Marsh/marshy grassland,B5,Crossleaf Heather,Abundant,30-50%,Erica tetralix,Plantae,,,,,Erica ,tetralix,Species,scarred.disgraced.static,55.696192,-5.284658,WGS84,,,Vegetation,ChloeC,,Rare,0-5%
14,SS-Veg-TS-149-2,SS-Veg-TS-149-2-55,HumanObservation,14/09/2026,Marsh/marshy grassland,B5,Rhododendron,Frequent,15-30%,Rhododendron ponticum,Plantae,,,,,Rhododendron,ponticum,Species,scarred.disgraced.static,55.696192,-5.284658,WGS84,,,Vegetation,ChloeC,,Dominant,50-100%
14,SS-Veg-TS-149-2,SS-Veg-TS-149-2-56,HumanObservation,14/09/2026,Marsh/marshy grassland,B5,Hawthorne ,Rare,0-5%,Crataegus monogyna,Plantae,,,,,Crataegus ,monogyna,Species,scarred.disgraced.static,55.696192,-5.284658,WGS84,,,Vegetation,ChloeC,,Abundant,30-50%
14,SS-Veg-TS-149-2,SS-Veg-TS-149-2-57,HumanObservation,14/09/2026,Marsh/marshy grassland,B5,Bell Heather,Dominant ,50-100%,Erica cinerea,Plantae,,,,,Erica ,cinerea,Species,scarred.disgraced.static,55.696192,-5.284658,WGS84,,,Vegetation,ChloeC,,Frequent,15-30%
15,SS-Veg-TS-149-2,SS-Veg-TS-149-2-58,HumanObservation,14/09/2026,Continuous Bracken,C1,Bracken ,Dominant ,50-100%,Pteridium aquilinum,Plantae,Polypodiophyta or Pteridophyta,Polypodiopsida,Polypodiales,Dennstaedtiaceae,Pteridium,aquilinum,Species,signified.cafe.frickling,,,WGS84,,,Vegetation,ChloeC,,Occasional,5-15%
16,SS-Veg-TS-159-3,SS-Veg-TS-159-3-1,HumanObservation,15/09/2026,Acidic grassland,B1,Common bent,Abundant,,Agrostis capillaris,Plantae,Streptophyta,Equisetopsida,Poales,Poaceae,Agrostis,capillaris,Species,///labs.dwarf.closed,55.699911,-5.28375,WGS84,SCT,"Heavy sheep scat, Deschampia flexuosa and Nardus stritca predominate ",Vegetation,XiuhM,,Rare,0-5%
16,SS-Veg-TS-159-3,SS-Veg-TS-159-3-2,HumanObservation,15/09/2026,Acidic grassland,B1,Wavy hair grass,Abundant,,Deschampsia flexuosa,Plantae,Streptophyta,Equisetopsida,Poales,Poaceae,Deschampsia,flexuosa,Species,///labs.dwarf.closed,55.699911,-5.28375,WGS84,SCT,,Vegetation,XiuhM,,Dominant,50-100%
16,SS-Veg-TS-159-3,SS-Veg-TS-159-3-3,HumanObservation,15/09/2026,Acidic grassland,B1,Mat grass,Abundant,,Nardus stricta,Plantae,Streptophyta,Equisetopsida,Poales,Poaceae,Nardus,stricta,Species,///labs.dwarf.closed,55.699911,-5.28375,WGS84,SCT,,Vegetation,XiuhM,,Abundant,30-50%
16,SS-Veg-TS-159-3,SS-Veg-TS-159-3-4,HumanObservation,15/09/2026,Acidic grassland,B1,Glaucous sedge,Frequent,,Carex flacca,Plantae,Streptophyta,Equisetopsida,Poales,Cyperaceae,Carex,flacca,Species,///labs.dwarf.closed,55.699911,-5.28375,WGS84,SCT,,Vegetation,XiuhM,,Frequent,15-30%
16,SS-Veg-TS-159-3,SS-Veg-TS-159-3-5,HumanObservation,15/09/2026,Acidic grassland,B1,Crested dog's tail ,Frequent,,Cynosurus cristatus,Plantae,Streptophyta,Equisetopsida,Poales,Poaceae,Cynosurus,cristatus,Species,///labs.dwarf.closed,55.699911,-5.28375,WGS84,SCT,,Vegetation,XiuhM,,Occasional,5-15%
16,SS-Veg-TS-159-3,SS-Veg-TS-159-3-6,HumanObservation,15/09/2026,Acidic grassland,B1,Soft rush,Rare,,Juncus effusus,Plantae,Streptophyta,Equisetopsida,Poales,Poaceae,Juncus,effusus,Species,///labs.dwarf.closed,55.699911,-5.28375,WGS84,SCT,,Vegetation,XiuhM,,Rare,0-5%
17,SS-Veg-TS-159-3,SS-Veg-TS-159-3-7,HumanObservation,15/09/2026,Marsh/marshy grassland,B5,Soft rush,Dominant ,,Juncus effusus,Plantae,Streptophyta,Equisetopsida,Poales,Poaceae,Juncus,effusus,Species,///clocking.verbs.eyepieces,55.699615,-5.284037,WGS84,SCT,"Heavy sheep scat, Juncus effusus dominates, Deschampsia cespitosa abundant, Rhododendron present/ rare",Vegetation,XiuhM,,Dominant,50-100%
17,SS-Veg-TS-159-3,SS-Veg-TS-159-3-8,HumanObservation,15/09/2026,Marsh/marshy grassland,B5,Tufted hair grass,Abundant,,Deschampsia cespitosa,Plantae,Streptophyta,Equisetopsida,Poales,Poaceae,Deschampsia,cespitosa,Species,///clocking.verbs.eyepieces,55.699615,-5.284037,WGS84,SCT,,Vegetation,XiuhM,,Abundant,30-50%
17,SS-Veg-TS-159-3,SS-Veg-TS-159-3-9,HumanObservation,15/09/2026,Marsh/marshy grassland,B5,Common bent ,Rare,,Agrostis capillaris,Plantae,Streptophyta,Equisetopsida,Poales,Poaceae,Agrostis,capillaris,Species,///clocking.verbs.eyepieces,55.699615,-5.284037,WGS84,SCT,,Vegetation,XiuhM,,Frequent,15-30%
17,SS-Veg-TS-159-3,SS-Veg-TS-159-3-10,HumanObservation,15/09/2026,Marsh/marshy grassland,B5,Moss,Rare,,Sphagnum spp.,Plantae,Bryophyta,Sphagnopsida,Sphagnales,Sphagnaceae,Sphagnum,N/A,Genus,///clocking.verbs.eyepieces,55.699615,-5.284037,WGS84,SCT,,Vegetation,XiuhM,,Occasional,5-15%
17,SS-Veg-TS-159-3,SS-Veg-TS-159-3-11,HumanObservation,15/09/2026,Marsh/marshy grassland,B5,Crested dog's tail ,Rare,,Cynosurus cristatus,Plantae,Streptophyta,Equisetopsida,Poales,Poaceae,Cynosurus,cristatus,Species,///clocking.verbs.eyepieces,55.699615,-5.284037,WGS84,SCT,,Vegetation,XiuhM,,Rare,0-5%
18,SS-Veg-TS-159-3,SS-Veg-TS-159-3-12,HumanObservation,15/09/2026,Continuous Bracken,C1,Bracken,Dominant ,,Pteridium aquilinum,Plantae,Streptophyta,Polypodiopsida,Polypodiales,Dennstaedtiaceae,Pteridium,aquilinum,Species,///blatantly.skirt.agents,55.699453,-5.284371,WGS84,SCT,"Pterdium aquilinum predominates, Rhododendron present/rare",Vegetation,XiuhM,,Dominant,50-100%
18,SS-Veg-TS-159-3,SS-Veg-TS-159-3-13,HumanObservation,15/09/2026,Continuous Bracken,C1,Soft rush,Rare,,Juncus effusus,Plantae,Streptophyta,Equisetopsida,Poales,Poaceae,Juncus,effusus,Species,///blatantly.skirt.agents,55.699453,-5.284371,WGS84,SCT,,Vegetation,XiuhM,,Abundant,30-50%
18,SS-Veg-TS-159-3,SS-Veg-TS-159-3-14,HumanObservation,15/09/2026,Continuous Bracken,C1,Silver birch ,Rare,,Betula pendula,Plantae,Streptophyta,Equisetopsida,Fagales,Betulaceae,Betula,pendula,Species,///blatantly.skirt.agents,55.699453,-5.284371,WGS84,SCT,,Vegetation,XiuhM,,Frequent,15-30%
18,SS-Veg-TS-159-3,SS-Veg-TS-159-3-15,HumanObservation,15/09/2026,Continuous Bracken,C1,Rowan,Rare,,Sorbus aucuparia,Plantae,Streptophyta,Equisetopsida,Rosales,Rosaceae,Sorbus,aucuparia,Species,///blatantly.skirt.agents,55.699453,-5.284371,WGS84,SCT,,Vegetation,XiuhM,,Occasional,5-15%
18,SS-Veg-TS-159-3,SS-Veg-TS-159-3-16,HumanObservation,15/09/2026,Continuous Bracken,C1,Rhododedron,Rare,,Rhododendron ponticum ,Plantae,Streptophyta,Equisetopsida,Ericales,Ericaceae,Rhododendron,ponticum,Species,///blatantly.skirt.agents,55.699453,-5.284371,WGS84,SCT,,Vegetation,XiuhM,,Rare,0-5%
19,SS-Veg-TS-159-3,SS-Veg-TS-159-3-17,HumanObservation,15/09/2026,Neutral grassland?,B2,Common bent ,Frequent,,Agrostis capillaris,Plantae,Streptophyta,Equisetopsida,Poales,Poaceae,Agrostis,capillaris,Species,///driving.rectangular.either,55.699183,-5.284276,WGS84,SCT,"Heavy deer and sheep scat, poor species assemblage, Deschampsia cespitosa frequent",Vegetation,XiuhM,,Dominant,50-100%
19,SS-Veg-TS-159-3,SS-Veg-TS-159-3-18,HumanObservation,15/09/2026,Neutral grassland,B2,Tufted hair grass,Frequent,,Deschampsia cespitosa,Plantae,Streptophyta,Equisetopsida,Poales,Poaceae,Deschampsia,cespitosa,Species,///driving.rectangular.either,55.699183,-5.284276,WGS84,SCT,,Vegetation,XiuhM,,Abundant,30-50%
19,SS-Veg-TS-159-3,SS-Veg-TS-159-3-19,HumanObservation,15/09/2026,Neutral grassland,B2,Sweet vernal grass,Occasional,,Anthoxanthum odoratum ,Plantae,Streptophyta,Equisetopsida,Poales,Poaceae,Anthoxanthum,odoratum,Species,///driving.rectangular.either,55.699183,-5.284276,WGS84,SCT,,Vegetation,XiuhM,,Frequent,15-30%
19,SS-Veg-TS-159-3,SS-Veg-TS-159-3-20,HumanObservation,15/09/2026,Neutral grassland,B2,Soft rush,Rare,,Juncus effusus,Plantae,Streptophyta,Equisetopsida,Poales,Poaceae,Juncus,effusus,Species,///driving.rectangular.either,55.699183,-5.284276,WGS84,SCT,,Vegetation,XiuhM,,Occasional,5-15%
19,SS-Veg-TS-159-3,SS-Veg-TS-159-3-21,HumanObservation,15/09/2026,Neutral grassland,B2,Marsh thistle,Rare,,Cirsium palustre,Plantae,Streptophyta,Equisetopsida,Asterales,Asteraceae,Cirsium,palustre,Species,///driving.rectangular.either,55.699183,-5.284276,WGS84,SCT,,Vegetation,XiuhM,,Rare,0-5%
19,SS-Veg-TS-159-3,SS-Veg-TS-159-3-22,HumanObservation,15/09/2026,Neutral grassland,B2,Heath rush,Rare,,Juncus squarrosus,Plantae,Streptophyta,Equisetopsida,Poales,Poaceae,Juncus,squarrosus,Species,///driving.rectangular.either,55.699183,-5.284276,WGS84,SCT,,Vegetation,XiuhM,,Dominant,50-100%
19,SS-Veg-TS-159-3,SS-Veg-TS-159-3-23,HumanObservation,15/09/2026,Neutral grassland,B2,Bird's foot trefoil,Rare,,Lotus corniculatus,Plantae,Streptophyta,Equisetopsida,Fabales,Fabaceae,Lotus,corniculatus,Species,///driving.rectangular.either,55.699183,-5.284276,WGS84,SCT,,Vegetation,XiuhM,,Abundant,30-50%
19,SS-Veg-TS-159-3,SS-Veg-TS-159-3-24,HumanObservation,15/09/2026,Neutral grassland,B2,Mat grass ,Rare,,Nardus stricta,Plantae,Streptophyta,Equisetopsida,Poales,Poaceae,Nardus,stricta,Species,///driving.rectangular.either,55.699183,-5.284276,WGS84,SCT,,Vegetation,XiuhM,,Frequent,15-30%
20,SS-Veg-TS-159-3,SS-Veg-TS-159-3-25,HumanObservation,15/09/2026,Acidic grassland,B1,Heath rush,Abundant,,Juncus squarrosus,Plantae,Streptophyta,Equisetopsida,Poales,Poaceae,Juncus,squarrosus,Species,///wrong.daffodils.coast,55.698779,-5.283558,WGS84,SCT,"Juncus squarrosus and Nardus stricta abundant, rhododendron present/rare, medium sheep and deer scat",Vegetation,XiuhM,,Occasional,5-15%
20,SS-Veg-TS-159-3,SS-Veg-TS-159-3-26,HumanObservation,15/09/2026,Acidic grassland,B1,Mat grass ,Abundant,,Nardus stricta,Plantae,Streptophyta,Equisetopsida,Poales,Poaceae,Nardus,Stricta,Species,///wrong.daffodils.coast,55.698779,-5.283558,WGS84,SCT,,Vegetation,XiuhM,,Rare,0-5%
20,SS-Veg-TS-159-3,SS-Veg-TS-159-3-27,HumanObservation,15/09/2026,Acidic grassland,B1,Crested dog's tail ,Abundant,,Cynosurus cristatus,Plantae,Streptophyta,Equisetopsida,Poales,Poaceae,Cynosurus,cristatus,Species,///wrong.daffodils.coast,55.698779,-5.283558,WGS84,SCT,,Vegetation,XiuhM,,Dominant,50-100%
20,SS-Veg-TS-159-3,SS-Veg-TS-159-3-28,HumanObservation,15/09/2026,Acidic grassland,B1,Glaucous sedge,Abundant,,Carex flacca,Plantae,Streptophyta,Equisetopsida,Poales,Cyperaceae,Carex,flacca,Species,///wrong.daffodils.coast,55.698779,-5.283558,WGS84,SCT,,Vegetation,XiuhM,,Abundant,30-50%
20,SS-Veg-TS-159-3,SS-Veg-TS-159-3-29,HumanObservation,15/09/2026,Acidic grassland,B1,Sweet vernal grass,Abundant,,Anthoxanthum odoratum ,Plantae,Streptophyta,Equisetopsida,Poales,Poaceae,Anthoxanthum,odoratum,Species,///wrong.daffodils.coast,55.698779,-5.283558,WGS84,SCT,,Vegetation,XiuhM,,Frequent,15-30%
20,SS-Veg-TS-159-3,SS-Veg-TS-159-3-30,HumanObservation,15/09/2026,Acidic grassland,B1,Common bent ,Abundant ,,Agrostis capillaris,Plantae,Streptophyta,Equisetopsida,Poales,Poaceae,Agrostis,capillaris,Species,///wrong.daffodils.coast,55.698779,-5.283558,WGS84,SCT,,Vegetation,XiuhM,,Occasional,5-15%
20,SS-Veg-TS-159-3,SS-Veg-TS-159-3-31,HumanObservation,15/09/2026,Acidic grassland,B1,Rhododedron,Rare,,Rhododendron ponticum ,Plantae,Streptophyta,Equisetopsida,Ericales,Ericaceae,Rhododendron,ponticum,Species,///wrong.daffodils.coast,55.698779,-5.283558,WGS84,SCT,,Vegetation,XiuhM,,Rare,0-5%
20,SS-Veg-TS-159-3,SS-Veg-TS-159-3-32,HumanObservation,15/09/2026,Acidic grassland,B1,Marsh thistle,Rare,,Cirsium palustre,Plantae,Streptophyta,Equisetopsida,Asterales,Asteraceae,Cirsium,palustre,Species,///wrong.daffodils.coast,55.698779,-5.283558,WGS84,SCT,,Vegetation,XiuhM,,Dominant,50-100%
21,SS-Veg-TS-159-3,SS-Veg-TS-159-3-33,HumanObservation,15/09/2026,Marsh/marshy grassland,B5,Heath rush,Dominant ,,Juncus squarrosus,Plantae,Streptophyta,Equisetopsida,Poales,Poaceae,Juncus,squarrosus,Species,///distilled.season.flux,55.698674,-5.2834081,WGS84,SCT,"Medium sheep scat, Juncus squarrosus and Molinia caerulea predominate, some broadleaved herbs present",Vegetation,XiuhM,,Abundant,30-50%
21,SS-Veg-TS-159-3,SS-Veg-TS-159-3-34,HumanObservation,15/09/2026,Marsh/marshy grassland,B5,Purple moor grass,Dominant ,,Molinia caerulea,Plantae,Streptophyta,Equisetopsida,Poales,Poaceae,Molinia,caerulea,Species,///distilled.season.flux,55.698674,-5.2834081,WGS84,SCT,,Vegetation,XiuhM,,Frequent,15-30%
21,SS-Veg-TS-159-3,SS-Veg-TS-159-3-35,HumanObservation,15/09/2026,Marsh/marshy grassland,B5,Devil's bit scabious,Occasional,,Succisa pratensis,Plantae,Streptophyta,Equisetopsida,Dipsacales,Caprifoliaceae,Succisa,pratensis,Species,///distilled.season.flux,55.698674,-5.2834081,WGS84,SCT,,Vegetation,XiuhM,,Occasional,5-15%
21,SS-Veg-TS-159-3,SS-Veg-TS-159-3-36,HumanObservation,15/09/2026,Marsh/marshy grassland,B5,Yellow Iris,Occasional,,Iris pseudacorus,Plantae,Streptophyta,Equisetopsida,Asparagales,Iridaceae,Iris,pseudacorus,Species,///distilled.season.flux,55.698674,-5.2834081,WGS84,SCT,,Vegetation,XiuhM,,Rare,0-5%
21,SS-Veg-TS-159-3,SS-Veg-TS-159-3-37,HumanObservation,15/09/2026,Marsh/marshy grassland,B5,Bird's foot trefoil,Rare,,Lotus corniculatus,Plantae,Streptophyta,Equisetopsida,Fabales,Fabaceae,Lotus,corniculatus,Species,///distilled.season.flux,55.698674,-5.2834081,WGS84,SCT,,Vegetation,XiuhM,,Dominant,50-100%
22,SS-Veg-TS-159-3,SS-Veg-TS-159-3-38,HumanObservation,15/09/2026,Acidic grassland,B1,Mat grass ,Dominant ,,Nardus stricta,Plantae,Streptophyta,Equisetopsida,Poales,Poaceae,Nardus,stricta,Species,///pronouns.camp.ramble,55.698321,-5.282649,WGS84,SCT,"Nardus stricta and Deschampsia flexuosa dominate, Sphagnum moss occasional, Molinia caerulea rare, heavy deer and sheep scat",Vegetation,XiuhM,,Abundant,30-50%
22,SS-Veg-TS-159-3,SS-Veg-TS-159-3-39,HumanObservation,15/09/2026,Acidic grassland,B1,Sweet vernal grass,Dominant ,,Anthoxanthum odoratum ,Plantae,Streptophyta,Equisetopsida,Poales,Poaceae,Anthoxanthum,odoratum,Species,///pronouns.camp.ramble,55.698321,-5.282649,WGS84,SCT,,Vegetation,XiuhM,,Frequent,15-30%
22,SS-Veg-TS-159-3,SS-Veg-TS-159-3-40,HumanObservation,15/09/2026,Acidic grassland,B1,Wavy hair grass,Abundant ,,Deschampsia flexuosa,Plantae,Streptophyta,Equisetopsida,Poales,Poaceae,Deschampsia,flexuosa,Species,///pronouns.camp.ramble,55.698321,-5.282649,WGS84,SCT,,Vegetation,XiuhM,,Occasional,5-15%
22,SS-Veg-TS-159-3,SS-Veg-TS-159-3-41,HumanObservation,15/09/2026,Acidic grassland,B1,Common bent ,Abundant ,,Agrostis capillaris,Plantae,Streptophyta,Equisetopsida,Poales,Poaceae,Agrostis,capillaris,Species,///pronouns.camp.ramble,55.698321,-5.282649,WGS84,SCT,,Vegetation,XiuhM,,Rare,0-5%
22,SS-Veg-TS-159-3,SS-Veg-TS-159-3-42,HumanObservation,15/09/2026,Acidic grassland,B1,Moss,Occasional,,Sphagnum spp.,Plantae,Bryophyta,Sphagnopsida,Sphagnales,Sphagnaceae,Sphagnum,N/A,Genus,///pronouns.camp.ramble,55.698321,-5.282649,WGS84,SCT,,Vegetation,XiuhM,,Dominant,50-100%
22,SS-Veg-TS-159-3,SS-Veg-TS-159-3-43,HumanObservation,15/09/2026,Acidic grassland,B1,Crested dog's tail ,Rare,,Cynosurus cristatus,Plantae,Streptophyta,Equisetopsida,Poales,Poaceae,Cynosurus,cristatus,Species,///pronouns.camp.ramble,55.698321,-5.282649,WGS84,SCT,,Vegetation,XiuhM,,Abundant,30-50%
22,SS-Veg-TS-159-3,SS-Veg-TS-159-3-44,HumanObservation,15/09/2026,Acidic grassland,B1,Purple moor grass,Rare,,Molinia caerulea,Plantae,Streptophyta,Equisetopsida,Poales,Poaceae,Molinia,caerulea,Species,///pronouns.camp.ramble,55.698321,-5.282649,WGS84,SCT,,Vegetation,XiuhM,,Frequent,15-30%
23,SS-Veg-TS-159-3,SS-Veg-TS-159-3-45,HumanObservation,15/09/2026,Acidic grassland,B1,Mat grass ,Abundant,,Nardus stricta ,Plantae,Streptophyta,Equisetopsida,Poales,Poaceae,Nardus,stricta,Species,///began.flagged.rave,55.698294,-5.28351,WGS84,SCT,"Nardus stricta abundant, Deschampsia cespitosa frequent, Juncus squarrosus occasional, Juncus effesus rare, Urtica dioca rare",Vegetation,XiuhM,,Occasional,5-15%
23,SS-Veg-TS-159-3,SS-Veg-TS-159-3-46,HumanObservation,15/09/2026,Acidic grassland,B1,Sweet vernal grass,Abundant,,Anthoxanthum odoratum ,Plantae,Streptophyta,Equisetopsida,Poales,Poaceae,Anthoxanthum,odoratum,Species,///began.flagged.rave,55.698294,-5.28351,WGS84,SCT,,Vegetation,XiuhM,,Rare,0-5%
23,SS-Veg-TS-159-3,SS-Veg-TS-159-3-47,HumanObservation,15/09/2026,Acidic grassland,B1,Tufted hair grass,Frequent,,Deschampsia cespitosa,Plantae,Streptophyta,Equisetopsida,Poales,Poaceae,Deschampsia,cespitosa,Species,///began.flagged.rave,55.698294,-5.28351,WGS84,SCT,,Vegetation,XiuhM,,Dominant,50-100%
23,SS-Veg-TS-159-3,SS-Veg-TS-159-3-48,HumanObservation,15/09/2026,Acidic grassland,B1,Common bent ,Frequent,,Agrostis capillaris,Plantae,Streptophyta,Equisetopsida,Poales,Poaceae,Agrostis,capillaris,Species,///began.flagged.rave,55.698294,-5.28351,WGS84,SCT,,Vegetation,XiuhM,,Abundant,30-50%
23,SS-Veg-TS-159-3,SS-Veg-TS-159-3-49,HumanObservation,15/09/2026,Acidic grassland,B1,Glaucous sedge,Occasional,,Carex flacca,Plantae,Streptophyta,Equisetopsida,Poales,Cyperaceae,Carex,flacca,Species,///began.flagged.rave,55.698294,-5.28351,WGS84,SCT,,Vegetation,XiuhM,,Frequent,15-30%
23,SS-Veg-TS-159-3,SS-Veg-TS-159-3-50,HumanObservation,15/09/2026,Acidic grassland,B1,Heath rush,Occasional,,Juncus squarrosus,Plantae,Streptophyta,Equisetopsida,Poales,Poaceae,Juncus,squarrosus,Species,///began.flagged.rave,55.698294,-5.28351,WGS84,SCT,,Vegetation,XiuhM,,Occasional,5-15%
23,SS-Veg-TS-159-3,SS-Veg-TS-159-3-51,HumanObservation,15/09/2026,Acidic grassland,B1,Stining nettle,Rare,,Urtica dioica,Plantae,Streptophyta,Equisetopsida,Rosales,Urticaceae,Urtica,dioica,Species,///began.flagged.rave,55.698294,-5.28351,WGS84,SCT,,Vegetation,XiuhM,,Rare,0-5%
23,SS-Veg-TS-159-3,SS-Veg-TS-159-3-52,HumanObservation,15/09/2026,Acidic grassland,B1,Soft rush,Rare,,Juncus effusus,Plantae,Streptophyta,Equisetopsida,Poales,Poaceae,Juncus,effusus,Species,///began.flagged.rave,55.698294,-5.28351,WGS84,SCT,,Vegetation,XiuhM,,Dominant,50-100%
23,SS-Veg-TS-159-3,SS-Veg-TS-159-3-53,HumanObservation,15/09/2026,Acidic grassland,B1,Hawthorn,Rare,,Crataegus monogyna,Plantae,Streptophyta,Equisetopsida,Rosales,Rosaceae,Crataegus,monogyna,Species,///began.flagged.rave,55.698294,-5.28351,WGS84,SCT,,Vegetation,XiuhM,,Abundant,30-50%
23,SS-Veg-TS-159-3,SS-Veg-TS-159-3-54,HumanObservation,15/09/2026,Acidic grassland,B1,Crested dog's tail ,Rare,,Cynosurus cristatus,Plantae,Streptophyta,Equisetopsida,Poales,Poaceae,Cynosurus,cristatus,Species,///began.flagged.rave,55.698294,-5.28351,WGS84,SCT,,Vegetation,XiuhM,,Frequent,15-30%
23,SS-Veg-TS-159-3,SS-Veg-TS-159-3-55,HumanObservation,15/09/2026,Acidic grassland,B1,Marsh thistle,Rare,,Cirsium palustre,Plantae,Streptophyta,Equisetopsida,Asterales,Asteraceae,Cirsium,palustre,Species,///began.flagged.rave,55.698294,-5.28351,WGS84,SCT,,Vegetation,XiuhM,,Occasional,5-15%
24,SS-Veg-TS-159-3,SS-Veg-TS-159-3-56,HumanObservation,15/09/2026,Scrub,A2,Common gorse,Dominant/ Abundant,,Ulex europaeus,Plantae,Streptophyta,Equisetopsida,Fabales,Fabaceae,Ulex,europaeus,Species,///organist.curry.slot,55.698321,-5.283893,WGS84,SCT,"Ulex europaeus dominates, stands of Rubus fruticosus, Crataegus monogyna and other broadleaved trees, Fraxinus excelsior w/ ash dieback, injurious weed ragwort",Vegetation,XiuhM,,Rare,0-5%
24,SS-Veg-TS-159-3,SS-Veg-TS-159-3-57,HumanObservation,15/09/2026,Scrub,A2,Hawthorn,Frequent,,Crataegus monogyna,Plantae,Streptophyta,Equisetopsida,Rosales,Rosaceae,Crataegus,monogyna,Species,///organist.curry.slot,55.698321,-5.283893,WGS84,SCT,,Vegetation,XiuhM,,Dominant,50-100%
24,SS-Veg-TS-159-3,SS-Veg-TS-159-3-58,HumanObservation,15/09/2026,Scrub,A2,Rowan,Occasional,,Sorbus aucuparia,Plantae,Streptophyta,Equisetopsida,Rosales,Rosaceae,Sorbus,aucuparia,Species,///organist.curry.slot,55.698321,-5.283893,WGS84,SCT,,Vegetation,XiuhM,,Abundant,30-50%
24,SS-Veg-TS-159-3,SS-Veg-TS-159-3-59,HumanObservation,15/09/2026,Scrub,A2,Bramble,Frequent,,Rubus fruticosus,Plantae,Streptophyta,Equisetopsida,Rosales,Rosaceae,Rubus,fruticosus,Species,///organist.curry.slot,55.698321,-5.283893,WGS84,SCT,,Vegetation,XiuhM,,Frequent,15-30%
24,SS-Veg-TS-159-3,SS-Veg-TS-159-3-60,HumanObservation,15/09/2026,Scrub,A2,Bracken,Frequent,,Pteridium aquilinum,Plantae,Streptophyta,Equisetopsida,Polypodiales,Dennstaedtiaceae,Pteridium,aquilinum,Species,///organist.curry.slot,55.698321,-5.283893,WGS84,SCT,,Vegetation,XiuhM,,Occasional,5-15%
24,SS-Veg-TS-159-3,SS-Veg-TS-159-3-61,HumanObservation,15/09/2026,Scrub,A2,Foxglove,Occasional,,Digitalis purpurea,Plantae,Streptophyta,Equisetopsida,Lamiales,Plantaginaceae,Digitalis,purpurea,Species,///organist.curry.slot,55.698321,-5.283893,WGS84,SCT,,Vegetation,XiuhM,,Rare,0-5%
24,SS-Veg-TS-159-3,SS-Veg-TS-159-3-62,HumanObservation,15/09/2026,Scrub,A2,Holly,Rare,,Ilex aquifolium,Plantae,Streptophyta,Equisetopsida,Aquifoliales,Aquifoliaceae,Ilex,aquifolium,Species,///organist.curry.slot,55.698321,-5.283893,WGS84,SCT,,Vegetation,XiuhM,,,
24,SS-Veg-TS-159-3,SS-Veg-TS-159-3-63,HumanObservation,15/09/2026,Scrub,A2,Ash,Rare,,Fraxinus excelsior,Plantae,Streptophyta,Equisetopsida,Lamiales,Oleaceae,Fraxinus,excelsior,Species,///organist.curry.slot,55.698321,-5.283893,WGS84,SCT,,Vegetation,XiuhM,,,
24,SS-Veg-TS-159-3,SS-Veg-TS-159-3-64,HumanObservation,15/09/2026,Scrub,A2,Elder,Rare,,Sambucus nigra,Plantae,Streptophyta,Equisetopsida,Dipsacales,Viburnaceae,Sambucus,nigra,Species,///organist.curry.slot,55.698321,-5.283893,WGS84,SCT,,Vegetation,XiuhM,,,
24,SS-Veg-TS-159-3,SS-Veg-TS-159-3-65,HumanObservation,15/09/2026,Scrub,A2,Ragwort,Rare,,Senecio jacobaea,Plantae,Streptophyta,Equisetopsida,Asterales,Asteraceae,Senecio,jacobaea,Species,///organist.curry.slot,55.698321,-5.283893,WGS84,SCT,,Vegetation,XiuhM,,,
24,SS-Veg-TS-159-3,SS-Veg-TS-159-3-66,HumanObservation,15/09/2026,Scrub,A2,Marsh thistle,Rare,,Cirsium palustre,Plantae,Streptophyta,Equisetopsida,Asterales,Asteraceae,Cirsium,palustre,Species,///organist.curry.slot,55.698321,-5.283893,WGS84,SCT,,Vegetation,XiuhM,,,
24,SS-Veg-TS-159-3,SS-Veg-TS-159-3-67,HumanObservation,15/09/2026,Scrub,A2,Stinging nettle,Rare,,Urtica dioica,Plantae,Streptophyta,Equisetopsida,Rosales,Urticaceae,Urtica,dioica,Species,///organist.curry.slot,55.698321,-5.283893,WGS84,SCT,,Vegetation,XiuhM,,,
25,SS-Veg-TS-159-3,SS-Veg-TS-159-3-68,HumanObservation,15/09/2026,Continuous bracken,C1,Bracken,Abundant,,Pteridium aquilinum,Plantae,Streptophyta,Equisetopsida,Polypodiales,Dennstaedtiaceae,Pteridium,aquilinum,Species,///provider.polishing.wake,55.697971,-5.283654,WGS84,SCT,Pteridium aquilinum predominates,Vegetation,XiuhM,,,
25,SS-Veg-TS-159-3,SS-Veg-TS-159-3-69,HumanObservation,15/09/2026,Continuous bracken,C1,Common gorse,Frequent,,Ulex europaeus,Plantae,Streptophyta,Equisetopsida,Fabales,Fabaceae,Ulex,europaeus,Species,///provider.polishing.wake,55.697971,-5.283654,WGS84,SCT,,Vegetation,XiuhM,,,
25,SS-Veg-TS-159-3,SS-Veg-TS-159-3-70,HumanObservation,15/09/2026,Continuous bracken,C1,Rowan,Occasional,,Sorbus aucuparia,Plantae,Streptophyta,Equisetopsida,Rosales,Rosaceae,Sorbus,aucuparia,Species,///provider.polishing.wake,55.697971,-5.283654,WGS84,SCT,,Vegetation,XiuhM,,,
25,SS-Veg-TS-159-3,SS-Veg-TS-159-3-71,HumanObservation,15/09/2026,Continuous bracken,C1,Hawthorn,Rare,,Crataegus monogyna,Plantae,Streptophyta,Equisetopsida,Rosales,Rosaceae,Crataegus,monogyna,Species,///provider.polishing.wake,55.697971,-5.283654,WGS84,SCT,,Vegetation,XiuhM,,,
1,SS-Veg-TS-159-3,SS-Veg-TS-159-3-72,HumanObservation,15/09/2026,Wet modified bog,E1.7,Moss,Abundant,,Sphagnum spp.,Plantae,Bryophyta,Sphagnopsida,Sphagnales,Sphagnaceae,Sphagnum,N/A,Genus,///scrum.visa.templates,55.69824,-5.282936,WGS84,SCT,"Molinia caerulea and Sphagnum spp. abundant, Galium saxatile and Juncus effesus occasional",Vegetation,XiuhM,,,
1,SS-Veg-TS-159-3,SS-Veg-TS-159-3-73,HumanObservation,15/09/2026,Wet modified bog,E1.7,Purple moor grass,Abundant,,Molinia caerulea,Plantae,Streptophyta,Equisetopsida,Poales,Poaceae,Molinia,caerulea,Species,///scrum.visa.templates,55.69824,-5.282936,WGS84,SCT,,Vegetation,XiuhM,,,
1,SS-Veg-TS-159-3,SS-Veg-TS-159-3-74,HumanObservation,15/09/2026,Wet modified bog,E1.7,Heath bedstraw,Occasional,,Galium saxatile,Plantae,Streptophyta,Equisetopsida,Gentianales,Rubiaceae,Galium,saxatile,Species,///scrum.visa.templates,55.69824,-5.282936,WGS84,SCT,,Vegetation,XiuhM,,,
1,SS-Veg-TS-159-3,SS-Veg-TS-159-3-75,HumanObservation,15/09/2026,Wet modified bog,E1.7,Soft rush,Occasional,,Juncus effusus,Plantae,Streptophyta,Equisetopsida,Poales,Poaceae,Juncus,effusus,Species,///scrum.visa.templates,55.69824,-5.282936,WGS84,SCT,,Vegetation,XiuhM,,,
1,SS-Veg-TS-159-3,SS-Veg-TS-159-3-76,HumanObservation,15/09/2026,Wet modified bog,E1.7,Devil's bit scabious,Occasional,,Succisa pratensis,Plantae,Streptophyta,Equisetopsida,Dipsacales,Caprifoliaceae,Succisa,pratensis,Species,///scrum.visa.templates,55.69824,-5.282936,WGS84,SCT,,Vegetation,XiuhM,,,
1,SS-Veg-TS-159-3,SS-Veg-TS-159-3-77,HumanObservation,15/09/2026,Wet modified bog,E1.7,Bird's foot trefoil,Rare,,Lotus corniculatus,Plantae,Streptophyta,Equisetopsida,Fabales,Fabaceae,Lotus,corniculatus,Species,///scrum.visa.templates,55.69824,-5.282936,WGS84,SCT,,Vegetation,XiuhM,,,
1,SS-Veg-TS-159-3,SS-Veg-TS-159-3-78,HumanObservation,15/09/2026,Wet modified bog,E1.7,Blaeberry,Rare,,Vaccinium myrtillus,Plantae,Streptophyta,Equisetopsida,Ericales,Ericaceae,Vaccinium,myrtillus,Species,///scrum.visa.templates,55.69824,-5.282936,WGS84,SCT,,Vegetation,XiuhM,,,
2,SS-Veg-TS-159-3,SS-Veg-TS-159-3-79,HumanObservation,15/09/2026,Acidic grassland?,B1,Sweet vernal grass,Abundant,,Anthoxanthum odoratum ,Plantae,Streptophyta,Equisetopsida,Poales,Poaceae,Anthoxanthum,odoratum,Species,///robot.sometime.advantage,55.698159,-5.282697,WGS84,SCT,"Nardus stricta abundant, Deschampsia flexuosa frequent, Vaccinum myrtillus frequent, Sphagnum spp. frequent, Juncus effesus occasional, Molinia caerulea occcasional, Calluna vulgaris rare",Vegetation,XiuhM,,,
2,SS-Veg-TS-159-3,SS-Veg-TS-159-3-80,HumanObservation,15/09/2026,Acidic grassland,B1,Common bent,Abundant,,Agrostis capillaris,Plantae,Streptophyta,Equisetopsida,Poales,Poaceae,Agrostis,capillaris,Species,///robot.sometime.advantage,55.698159,-5.282697,WGS84,SCT,,Vegetation,XiuhM,,,
2,SS-Veg-TS-159-3,SS-Veg-TS-159-3-81,HumanObservation,15/09/2026,Acidic grassland,B1,Mat grass,Abundant,,Nardus stricta,Plantae,Streptophyta,Equisetopsida,Poales,Poaceae,Nardus,stricta,Species,///robot.sometime.advantage,55.698159,-5.282697,WGS84,SCT,,Vegetation,XiuhM,,,
2,SS-Veg-TS-159-3,SS-Veg-TS-159-3-82,HumanObservation,15/09/2026,Acidic grassland,B1,Wavy hair grass,Frequent,,Deschampsia flexuosa,Plantae,Streptophyta,Equisetopsida,Poales,Poaceae,Deschampsia,flexuosa,Species,///robot.sometime.advantage,55.698159,-5.282697,WGS84,SCT,,Vegetation,XiuhM,,,
2,SS-Veg-TS-159-3,SS-Veg-TS-159-3-83,HumanObservation,15/09/2026,Acidic grassland,B1,Blaeberry,Frequent,,Vaccinum myrtillus,Plantae,Streptophyta,Equisetopsida,Ericales,Ericaceae,Vaccinium,myrtillus,Species,///robot.sometime.advantage,55.698159,-5.282697,WGS84,SCT,,Vegetation,XiuhM,,,
2,SS-Veg-TS-159-3,SS-Veg-TS-159-3-84,HumanObservation,15/09/2026,Acidic grassland,B1,Moss,Frequent,,Sphagnum spp.,Plantae,Bryophyta,Equisetopsida,Sphagnales,Sphagnaceae,Sphagnum,N/A,Genus,///robot.sometime.advantage,55.698159,-5.282697,WGS84,SCT,,Vegetation,XiuhM,,,
2,SS-Veg-TS-159-3,SS-Veg-TS-159-3-85,HumanObservation,15/09/2026,Acidic grassland,B1,Soft rush,Occasional,,Juncus effusus,Plantae,Streptophyta,Equisetopsida,Poales,Poaceae,Juncus,effusus,Species,///robot.sometime.advantage,55.698159,-5.282697,WGS84,SCT,,Vegetation,XiuhM,,,
2,SS-Veg-TS-159-3,SS-Veg-TS-159-3-86,HumanObservation,15/09/2026,Acidic grassland,B1,Purple moor grass,Occasional,,Molinia caerulea,Plantae,Streptophyta,Equisetopsida,Poales,Poaceae,Molinia,caerulea,Species,///robot.sometime.advantage,55.698159,-5.282697,WGS84,SCT,,Vegetation,XiuhM,,,
2,SS-Veg-TS-159-3,SS-Veg-TS-159-3-87,HumanObservation,15/09/2026,Acidic grassland,B1,Common heather,Rare,,Calluna vulgaris,Plantae,Streptophyta,Equisetopsida,Ericales,Ericaceae,Calluna,vulgaris,Species,///robot.sometime.advantage,55.698159,-5.282697,WGS84,SCT,,Vegetation,XiuhM,,,
2,SS-Veg-TS-159-3,SS-Veg-TS-159-3-88,HumanObservation,15/09/2026,Acidic grassland,B1,Crested dog's tail ,Rare,,Cynosurus cristatus,Plantae,Streptophyta,Equisetopsida,Poales,Poaceae,Cynosurus,cristasus,Species,///robot.sometime.advantage,55.698159,-5.282697,WGS84,SCT,,Vegetation,XiuhM,,,
3,SS-Veg-TS-159-3,SS-Veg-TS-159-3-89,HumanObservation,15/09/2026,Wet modified bog,E1.7,Purple moor grass,Dominant ,,Molinia caerulea,Plantae,Streptophyta,Equisetopsida,Poales,Poaceae,Molinia,caerulea,Species,///clays.managed.rocks,55.697701,-5.282314,WGS84,SCT,"Molinia caerulea predominates over Sphagnum spp., Rhododendron frequent, Juncus squarrosus frequent, Galium saxatile occasional, Juncus effesus occasional, Erica tetralix occasional",Vegetation,XiuhM,,,
3,SS-Veg-TS-159-3,SS-Veg-TS-159-3-90,HumanObservation,15/09/2026,Wet modified bog,E1.7,Moss,Abundant,,Sphagnum spp.,Plantae,Bryophyta,Sphagnopsida,Sphagnales,Sphagnaceae,Sphagnum,N/A,Genus,///clays.managed.rocks,55.697701,-5.282314,WGS84,SCT,,Vegetation,XiuhM,,,
3,SS-Veg-TS-159-3,SS-Veg-TS-159-3-91,HumanObservation,15/09/2026,Wet modified bog,E1.7,Ciquefoil,Abundant,,Potentilla simplex,Plantae,Streptophyta,Equisetopsida,Rosales,Rosaceae,Potentilla,simplex,Species,///clays.managed.rocks,55.697701,-5.282314,WGS84,SCT,,Vegetation,XiuhM,,,
3,SS-Veg-TS-159-3,SS-Veg-TS-159-3-92,HumanObservation,15/09/2026,Wet modified bog,E1.7,Heath rush,Frequent,,Juncus squarrosus,Plantae,Streptophyta,Equisetopsida,Poales,Poaceae,Juncus,squarrosus,Species,///clays.managed.rocks,55.697701,-5.282314,WGS84,SCT,,Vegetation,XiuhM,,,
3,SS-Veg-TS-159-3,SS-Veg-TS-159-3-93,HumanObservation,15/09/2026,Wet modified bog,E1.7,Rhododedron,Frequent,,Rhododedron ponticum,Plantae,Streptophyta,Equisetopsida,Ericales,Ericaceae,Rhododedron,ponticum,Species,///clays.managed.rocks,55.697701,-5.282314,WGS84,SCT,,Vegetation,XiuhM,,,
3,SS-Veg-TS-159-3,SS-Veg-TS-159-3-94,HumanObservation,15/09/2026,Wet modified bog,E1.7,Heath bedstraw,Occasional,,Galium saxatile,Plantae,Streptophyta,Equisetopsida,Gentianales,Rubiaceae,Galium,saxatile,Species,///clays.managed.rocks,55.697701,-5.282314,WGS84,SCT,,Vegetation,XiuhM,,,
3,SS-Veg-TS-159-3,SS-Veg-TS-159-3-95,HumanObservation,15/09/2026,Wet modified bog,E1.7,Devil's bit scabious,Occasional,,Succisa pratensis,Plantae,Streptophyta,Equisetopsida,Dipsacales,Caprifoliaceae,Succisa,pratensis,Species,///clays.managed.rocks,55.697701,-5.282314,WGS84,SCT,,Vegetation,XiuhM,,,
3,SS-Veg-TS-159-3,SS-Veg-TS-159-3-96,HumanObservation,15/09/2026,Wet modified bog,E1.7,Pennywort,Occasional,,Hydrocotyle vulgaris,Plantae,Streptophyta,Equisetopsida,Apiales,Araliaceae,Hydrocotyle,vulgaris,Species,///clays.managed.rocks,55.697701,-5.282314,WGS84,SCT,,Vegetation,XiuhM,,,
3,SS-Veg-TS-159-3,SS-Veg-TS-159-3-97,HumanObservation,15/09/2026,Wet modified bog,E1.7,Soft rush,Occasional,,Juncus effusus,Plantae,Streptophyta,Equisetopsida,Poales,Poaceae,Juncus,effusus,Species,///clays.managed.rocks,55.697701,-5.282314,WGS84,SCT,,Vegetation,XiuhM,,,
3,SS-Veg-TS-159-3,SS-Veg-TS-159-3-98,HumanObservation,15/09/2026,Wet modified bog,E1.7,Sundew,Rare,,Drosera rotundifolia,Plantae,Streptophyta,Equisetopsida,Caryophyllales,Droseraceae,Drosera,rotundifolia,Species,///clays.managed.rocks,55.697701,-5.282314,WGS84,SCT,,Vegetation,XiuhM,,,
3,SS-Veg-TS-159-3,SS-Veg-TS-159-3-99,HumanObservation,15/09/2026,Wet modified bog,E1.7,Bog asphodel ,Rare,,Narthecium ossifragum,Plantae,Streptophyta,Equisetopsida,Dioscoreales,Nartheciaceae,Narthecium,ossifragum,Species,///clays.managed.rocks,55.697701,-5.282314,WGS84,SCT,,Vegetation,XiuhM,,,
4,SS-Veg-TS-159-3,SS-Veg-TS-159-3-101,HumanObservation,15/09/2026,Wet heath/acidic grassland mosaic,D6,Common bent,Abundant,,Agrostis capillaris,Plantae,Streptophyta,Equisetopsida,Poales,Poaceae,Agrostis,capillaris,Species,///skewing.topic.vocab,55.697863,-5.281692,WGS84,SCT,"Nardus stricta abundant, Ulex frequent, Deschampsia flexuosa abundant, Ptredium frequent, Erica tetralix occasional, heavy deer and sheep scat",Vegetation,XiuhM,,,
4,SS-Veg-TS-159-3,SS-Veg-TS-159-3-102,HumanObservation,15/09/2026,Wet heath/acidic grassland mosaic,D6,Sweet vernal grass,Abundant,,Anthoxanthum odoratum ,Plantae,Streptophyta,Equisetopsida,Poales,Poaceae,Anthoxanthum,odoratum,Species,///skewing.topic.vocab,55.697863,-5.281692,WGS84,SCT,,Vegetation,XiuhM,,,
4,SS-Veg-TS-159-3,SS-Veg-TS-159-3-103,HumanObservation,15/09/2026,Wet heath/acidic grassland mosaic,D6,Wavy hair grass,Abundant,,Deschampsia flexuosa,Plantae,Streptophyta,Equisetopsida,Poales,Poaceae,Deschampsia,flexuosa,Species,///skewing.topic.vocab,55.697863,-5.281692,WGS84,SCT,,Vegetation,XiuhM,,,
4,SS-Veg-TS-159-3,SS-Veg-TS-159-3-104,HumanObservation,15/09/2026,Wet heath/acidic grassland mosaic,D6,Common gorse,Frequent,,Ulex europaeus,Plantae,Streptophyta,Equisetopsida,Fabales,Fabaceae,Ulex,europaeus,Species,///skewing.topic.vocab,55.697863,-5.281692,WGS84,SCT,,Vegetation,XiuhM,,,
4,SS-Veg-TS-159-3,SS-Veg-TS-159-3-105,HumanObservation,15/09/2026,Wet heath/acidic grassland mosaic,D6,Mat grass,Frequent,,Nardus stricta,Plantae,Streptophyta,Equisetopsida,Poales,Poaceae,Nardus,stricta,Species,///skewing.topic.vocab,55.697863,-5.281692,WGS84,SCT,,Vegetation,XiuhM,,,
5,SS-Veg-TS-159-4,SS-Veg-TS-159-3-106,HumanObservation,15/09/2027,Wet heath/acidic grassland mosaic,D6,Bracken,Frequent,,Pteridium aquilinum,Plantae,,,Polypodiales,Dennstaedtiaceae,Pteridium,aquilinum,Species,///skewing.topic.vocab,55.697863,-5.281692,WGS85,SCT,,Vegetation,XiuhM,,,
4,SS-Veg-TS-159-3,SS-Veg-TS-159-3-107,HumanObservation,15/09/2026,Wet heath/acidic grassland mosaic,D6,Hawthorn,Occasional,,Crataegus monogyna,Plantae,Streptophyta,Equisetopsida,Rosales,Rosaceae,Crataegus,monogyna,Species,///skewing.topic.vocab,55.697863,-5.281692,WGS84,SCT,,Vegetation,XiuhM,,,
4,SS-Veg-TS-159-3,SS-Veg-TS-159-3-108,HumanObservation,15/09/2026,Wet heath/acidic grassland mosaic,D6,Cross-leaved heather,Occasional,,Erica tetralix,Plantae,Streptophyta,Equisetopsida,Ericales,Ericaceae,Erica,tetralix,Species,///skewing.topic.vocab,55.697863,-5.281692,WGS84,SCT,,Vegetation,XiuhM,,,
4,SS-Veg-TS-159-3,SS-Veg-TS-159-3-109,HumanObservation,15/09/2026,Wet heath/acidic grassland mosaic,D6,Rowan,Rare,,Sorbus aucuparia,Plantae,Streptophyta,Equisetopsida,Rosales,Rosaceae,Sorbus,aucuparia,Species,///skewing.topic.vocab,55.697863,-5.281692,WGS84,SCT,,Vegetation,XiuhM,,,
4,SS-Veg-TS-159-3,SS-Veg-TS-159-3-110,HumanObservation,15/09/2026,Wet heath/acidic grassland mosaic,D6,Ash,Rare,,Fraxinus excelsior,Plantae,Streptophyta,Equisetopsida,Lamiales,Oleaceae,Fraxinus,excelsior,Species,///skewing.topic.vocab,55.697863,-5.281692,WGS84,SCT,,Vegetation,XiuhM,,,
4,SS-Veg-TS-159-3,SS-Veg-TS-159-3-111,HumanObservation,15/09/2026,Wet heath/acidic grassland mosaic,D6,Holly,Rare,,Ilex aquifolium,Plantae,Streptophyta,Equisetopsida,Aquifoliales,Aquifoliaceae,Ilex,aquifolium,Species,///skewing.topic.vocab,55.697863,-5.281692,WGS84,SCT,,Vegetation,XiuhM,,,
5,SS-Veg-TS-159-3,SS-Veg-TS-159-3-112,HumanObservation,15/09/2026,Continuous bracken,C1,Bracken,Dominant ,,Pteridium aquilinum,Plantae,Streptophyta,Equisetopsida,Polypodiales,Dennstaedtiaceae,Pteridium,aquilinum,Species,///dust.spectacle.farm,55.696893,-5.272603,WGS84,SCT,"Pteridium aquilinum predominates, Erica cinerea occasional, Rubus fruticosa stands occasional, Erica tetralix rare, Ancient woodland indicator - Solidago virgaurea rare, broadleaved trees stands near river ",Vegetation,XiuhM,,,
5,SS-Veg-TS-159-3,SS-Veg-TS-159-3-113,HumanObservation,15/09/2026,Continuous bracken,C1,Downy Birch,Occasional,,Betula pubescens,Plantae,Streptophyta,Equisetopsida,Fagales,Betulaceae,Betula,pubescens,Species,///dust.spectacle.farm,55.696893,-5.272603,WGS84,SCT,,Vegetation,XiuhM,,,
5,SS-Veg-TS-159-3,SS-Veg-TS-159-3-114,HumanObservation,15/09/2026,Continuous bracken,C1,Bramble,Occasional,,Rubus fruticosa,Plantae,Streptophyta,Equisetopsida,Rosales,Rosaceae,Rubus,fruticosa,Species,///dust.spectacle.farm,55.696893,-5.272603,WGS84,SCT,,Vegetation,XiuhM,,,
5,SS-Veg-TS-159-3,SS-Veg-TS-159-3-115,HumanObservation,15/09/2026,Continuous bracken,C1,Bell heather,Occasional,,Erica cinerea,Plantae,Streptophyta,Equisetopsida,Ericales,Ericaceae,Erica,cinerea,Species,///dust.spectacle.farm,55.696893,-5.272603,WGS84,SCT,,Vegetation,XiuhM,,,
5,SS-Veg-TS-159-3,SS-Veg-TS-159-3-116,HumanObservation,15/09/2026,Continuous bracken,C1,Sessile or English oak,Rare,,Quercus spp. ,Plantae,Streptophyta,Equisetopsida,Fagales,Fagaceae,Quercus,N/A,Genus,///dust.spectacle.farm,55.696893,-5.272603,WGS84,SCT,,Vegetation,XiuhM,,,
5,SS-Veg-TS-159-3,SS-Veg-TS-159-3-117,HumanObservation,15/09/2026,Continuous bracken,C1,European golden rod,Rare,,Solidago virgaurea,Plantae,Streptophyta,Equisetopsida,Asterales,Asteraceae,Solidago,virgaurea,Species,///dust.spectacle.farm,55.696893,-5.272603,WGS84,SCT,,Vegetation,XiuhM,,,
5,SS-Veg-TS-159-3,SS-Veg-TS-159-3-118,HumanObservation,15/09/2026,Continuous bracken,C1,Common cat's ear,Rare,,Hypochaeris radicat,Plantae,Streptophyta,Equisetopsida,Asterales,Asteraceae,Hypochaeris,radicat,Species,///dust.spectacle.farm,55.696893,-5.272603,WGS84,SCT,,Vegetation,XiuhM,,,
5,SS-Veg-TS-159-3,SS-Veg-TS-159-3-119,HumanObservation,15/09/2026,Continuous bracken,C1,Cross-leaved heather,Rare,,Erica tetralix,Plantae,Streptophyta,Equisetopsida,Ericales,Ericaceae,Erica,tetralix,Species,///dust.spectacle.farm,55.696893,-5.272603,WGS84,SCT,,Vegetation,XiuhM,,,
6,SS-Veg-TS-159-3,SS-Veg-TS-159-3-120,HumanObservation,14/09/2026,Wet heath/acidic grassland mosaic,D6,Mat grass,Dominant ,,Nardus stricta,Plantae,Streptophyta,Equisetopsida,Poales,Poaceae,Nardus,stricta,Species,///consonant.plotter.forgiven,55.696138,-5.273321,WGS84,SCT,"Molinia caerulea and Nardus stricta predominate and Erica cinerea frequent, Rhododendron frequent ///cyclones.contact.tubes, Deschampsia cespitosa frequent, Crataegus monogyna occasional, Juncus effesus rare",Vegetation,XiuhM,,,
6,SS-Veg-TS-159-3,SS-Veg-TS-159-3-121,HumanObservation,14/09/2026,Wet heath/acidic grassland mosaic,D6,Purple moor grass,Dominant ,,Molinia caerulea,Plantae,Streptophyta,Equisetopsida,Poales,Poaceae,Molinia,caerulea,Species,///consonant.plotter.forgiven,55.696138,-5.273321,WGS84,SCT,,Vegetation,XiuhM,,,
6,SS-Veg-TS-159-3,SS-Veg-TS-159-3-122,HumanObservation,14/09/2026,Wet heath/acidic grassland mosaic,D6,Tufted hair grass,Frequent,,Deschampsia cespitosa,Plantae,Streptophyta,Equisetopsida,Poales,Poaceae,Deschampsia,cespitosa,Species,///consonant.plotter.forgiven,55.696138,-5.273321,WGS84,SCT,,Vegetation,XiuhM,,,
6,SS-Veg-TS-159-3,SS-Veg-TS-159-3-123,HumanObservation,14/09/2026,Wet heath/acidic grassland mosaic,D6,Bell heather,Frequent,,Erica cinerea,Plantae,Streptophyta,Equisetopsida,Ericales,Ericaceae,Erica,cinerea,Species,///consonant.plotter.forgiven,55.696138,-5.273321,WGS84,SCT,,Vegetation,XiuhM,,,
6,SS-Veg-TS-159-3,SS-Veg-TS-159-3-124,HumanObservation,14/09/2026,Wet heath/acidic grassland mosaic,D6,Rhododedron,Frequent,,Rhododedron ponticum,Plantae,Streptophyta,Equisetopsida,Ericales,Ericaceae,Rhododedron,ponticum,Species,///consonant.plotter.forgiven,55.696138,-5.273321,WGS84,SCT,,Vegetation,XiuhM,,,
6,SS-Veg-TS-159-3,SS-Veg-TS-159-3-125,HumanObservation,14/09/2026,Wet heath/acidic grassland mosaic,D6,Hawthorn,Occasional,,Crataegus monogyna,Plantae,Streptophyta,Equisetopsida,Rosales,Rosaceae,Crataegus,monogyna,Species,///consonant.plotter.forgiven,55.696138,-5.273321,WGS84,SCT,,Vegetation,XiuhM,,,
6,SS-Veg-TS-159-3,SS-Veg-TS-159-3-126,HumanObservation,14/09/2026,Wet heath/acidic grassland mosaic,D6,Foxglove,Rare,,Digitalis purpurea,Plantae,Streptophyta,Equisetopsida,Lamiales,Plantaginaceae,Digitalis,purpurea,Species,///consonant.plotter.forgiven,55.696138,-5.273321,WGS84,SCT,,Vegetation,XiuhM,,,
6,SS-Veg-TS-159-3,SS-Veg-TS-159-3-127,HumanObservation,14/09/2026,Wet heath/acidic grassland mosaic,D6,Soft rush,Rare,,Juncus effesus,Plantae,Streptophyta,Equisetopsida,Poales,Poaceae,Juncus,effusus,Species,///consonant.plotter.forgiven,55.696138,-5.273321,WGS84,SCT,,Vegetation,XiuhM,,,
,,,,,,,,,,,,,,,,,,,,,,,,,,,,,
,,,,,,,,,,,,,,,,,,,,,,,,,,,,,
,,,,,,,,,,,,,,,,,,,,,,,,,,,,,
,,,,,,,,,,,,,,,,,,,,,,,,,,,,,
,,,,,,,,,,,,,,,,,,,,,,,,,,,,,
,,,,,,,,,,,,,,,,,,,,,,,,,,,,,
,,,,,,,,,,,,,,,,,,,,,,,,,,,,,
,,,,,,,,,,,,,,,,,,,,,,,,,,,,,
,,,,,,,,,,,,,,,,,,,,,,,,,,,,,
,,,,,,,,,,,,,,,,,,,,,,,,,,,,,
,,,,,,,,,,,,,,,,,,,,,,,,,,,,,
,,,,,,,,,,,,,,,,,,,,,,,,,,,,,
,,,,,,,,,,,,,,,,,,,,,,,,,,,,,
,,,,,,,,,,,,,,,,,,,,,,,,,,,,,
,,,,,,,,,,,,,,,,,,,,,,,,,,,,,
,,,,,,,,,,,,,,,,,,,,,,,,,,,,,
,,,,,,,,,,,,,,,,,,,,,,,,,,,,,
,,,,,,,,,,,,,,,,,,,,,,,,,,,,,
,,,,,,,,,,,,,,,,,,,,,,,,,,,,,
,,,,,,,,,,,,,,,,,,,,,,,,,,,,,
