featurePoint,eventID,occurrenceID,basisOfRecord,eventDate,Habitat.type,Phase.1.Habitat.Code..JNCC.,Common.Name,Abundance..DAFOR.,Abundance.Percentage..DAFOR.scale.,scientificName,Kingdom,Phylum,Class,Order,Family,Genus,Species,HighesttaxonRank,What3Words,decimalLatitude,decimalLongitude,geodeticDatum,countryCode,TargetNotes,GroupID,ResearcherID,Lookup.Matrix.DAFOR,
1,SS-Veg-TS-139-1R,SS-Veg-TS-139-1-1,HumanObservation,2026-09-13,Semi-Improved Acidic Grassland,B2,Soft Rush,Dominant,50-100%,Juncus effusus,Plantae,Tracheophyta,Liliopsida,Poales,Juncaceae,Juncus,effusus,Species,reading.measuring.dose,55.69811,-5.28547,WGS84,SCT,,Vegetation,RossN,Dominant,
1,SS-Veg-TS-139-1R,SS-Veg-TS-139-1-2,HumanObservation,2026-09-13,Semi-Improved Acidic Grassland,B2,Bell Heather,Occasional,5-15%,Erica cinerea,Plantae,Tracheophyta,Magnoliopsida,Ericales,Ericaceae,Erica,cinerea,Species,reading.measuring.dose,55.69811,-5.28547,WGS84,SCT,,Vegetation,RossN,Abundant,
1,SS-Veg-TS-139-1R,SS-Veg-TS-139-1-3,HumanObservation,2026-09-13,Semi-Improved Acidic Grassland,B2,Hawthorn,Frequent,15-30%,Crataegus monogyna,Plantae,Tracheophyta,Magnoliopsida,Rosales,Rosaceae,Crataegus,monogyna,Species,reading.measuring.dose,55.69811,-5.28547,WGS84,SCT,Hawthorns heavily grazed at the base,Vegetation,RossN,Frequent,
1,SS-Veg-TS-139-1R,SS-Veg-TS-139-1-4,HumanObservation,2026-09-13,Semi-Improved Acidic Grassland,B2,Tormentil,Abundant,30-50%,Potentilla erecta,Plantae,Tracheophyta,Magnoliopsida,Rosales,Rosaceae,Potentilla,erecta,Species,reading.measuring.dose,55.69811,-5.28547,WGS84,SCT,,Vegetation,RossN,Occasional,
1,SS-Veg-TS-139-1R,SS-Veg-TS-139-1-5,HumanObservation,2026-09-13,Semi-Improved Acidic Grassland,B2,Devil's Bit Scabious,Abundant,30-50%,Succisa pratensis,Plantae,Tracheophyta,Magnoliopsida,Dipsacales,Caprifoliaceae,Succisa,pratensis,Species,reading.measuring.dose,55.69811,-5.28547,WGS84,SCT,,Vegetation,RossN,Rare,
2,SS-Veg-TS-139-1R,SS-Veg-TS-139-1-6,HumanObservation,2026-09-13,Continuous Bracken,C1,Blackberry (Brambles),Frequent,15-30%,Rubus fruticosis,Plantae,Tracheophyta,Magnoliopsida,Rosales,Rosaceae,Rubus,fruticosus,Species,joyously.ruin.adventure,55.69797,-5.28528,WGS84,SCT,Rhododendron bushes present - occasional,Vegetation,RossN,Dominant,
2,SS-Veg-TS-139-1R,SS-Veg-TS-139-1-7,HumanObservation,2026-09-13,Continuous Bracken,C1,Bracken,Dominant,50-100%,Pteridium aquilinum,Plantae,Tracheophyta,Polypodiopsida,Polypodiales,Dennstaedtiaceae,Pteridium,aquilinum,Species,joyously.ruin.adventure,55.69797,-5.28528,WGS84,SCT,,Vegetation,RossN,Abundant,
2,SS-Veg-TS-139-1R,SS-Veg-TS-139-1-8,HumanObservation,2026-09-13,Continuous Bracken,C1,Yew Tree,Occasional,5-15%,Taxus baccata,Plantae,Tracheophyta,Pinopsida,Cupressales,Taxaceae,Taxus,baccata,Species,joyously.ruin.adventure,55.69797,-5.28528,WGS84,SCT,,Vegetation,RossN,Frequent,
3,SS-Veg-TS-139-1R,SS-Veg-TS-139-1-9,HumanObservation,2026-09-13,Acidic Moorland,B2,Purple Moor Grass,Dominant,50-100%,Molinia caerulea,Plantae,Tracheophyta,Liliopsida,Poales,Poaceae,Molinia,caerulea,Species,exhales.uppermost.specifics,,,WGS84,SCT,,Vegetation,RossN,Occasional,
3,SS-Veg-TS-139-1R,SS-Veg-TS-139-1-10,HumanObservation,2026-09-13,Acidic Moorland,B2,Bell Heather,Occasional,5-15%,Erica cinerea,Plantae,Tracheophyta,Magnoliopsida,Ericales,Ericaceae,Erica,cinerea,Species,exhales.uppermost.specifics,,,WGS84,SCT,Rhododendron bushes present - Frequent,Vegetation,RossN,Rare,
3,SS-Veg-TS-139-1R,SS-Veg-TS-139-1-11,HumanObservation,2026-09-13,Acidic Moorland,B2,Heath Bedstraw,Abundant,30-50%,Galium saxatile,Plantae,Tracheophyta,Magnoliopsida,Gentianales,Rubiaceae,Galium,saxatile,Species,looks.reap.galloped,55.697,-5.28428,WGS84,SCT,,Vegetation,RossN,Dominant,
4,SS-Veg-TS-139-1R,SS-Veg-TS-139-1-12,HumanObservation,2026-09-13,Continuous Bracken,C1,Bracken,Dominant,50-100%,Pteridium aquilinum,Plantae,Tracheophyta,Polypodiopsida,Polypodiales,Dennstaedtiaceae,Pteridium,aquilinum,Species,looks.reap.galloped,55.697,-5.28428,WGS84,SCT,Rhododendron present Abundant,Vegetation,RossN,Abundant,
5,SS-Veg-TS-139-1R,SS-Veg-TS-139-1-13,HumanObservation,2026-09-13,Semi-Improved Acidic Grassland,B2,Hawthorn,Occasional,5-15%,Crataegus monogyna,Plantae,Tracheophyta,Magnoliopsida,Rosales,Rosaceae,Crataegus,monogyna,Species,snack.adjuster.stopped,55.69646,-5.28437,WGS84,SCT,Hawthorns heavily grazed,Vegetation,RossN,Frequent,
5,SS-Veg-TS-139-1R,SS-Veg-TS-139-1-14,HumanObservation,2026-09-13,Semi-Improved Acidic Grassland,B2,Crossleaf Heather,Rare,0-5%,Erica tetralix,Plantae,Tracheophyta,Magnoliopsida,Ericales,Ericaceae,Erica,tetralix,Species,snack.adjuster.stopped,55.69646,-5.28437,WGS84,SCT,,Vegetation,RossN,Occasional,
6,SS-Veg-TS-149-1R,SS-Veg-TS-149-1-1,HumanObservation,2026-09-14,Mosaic: Semi-Improved Acidic Grassland-Scattered bracken,B2-C2,Bent Grass,Dominant,50-100%,Agrostis capillaris,Plantae,Tracheophyta,Liliopsida,Poales,Poaceae,Agrostis,capillaris,Species,masts.slurs.waving,55.698,-5.28734,WGS84,SCT,,Vegetation,RossN,Rare,
6,SS-Veg-TS-149-1R,SS-Veg-TS-149-1-2,HumanObservation,2026-09-14,Mosaic: Semi-Improved Acidic Grassland-Scattered bracken,B2-C2,Foxglove,Rare,0-5%,Digitalis purpurea,Plantae,Tracheophyta,Magnoliopsida,Lamiales,Plantaginaceae,Digitalis,purpurea,Species,masts.slurs.waving,55.698,-5.28734,WGS84,SCT,Clustered by exposed stone,Vegetation,RossN,Dominant,
6,SS-Veg-TS-149-1R,SS-Veg-TS-149-1-3,HumanObservation,2026-09-14,Mosaic: Semi-Improved Acidic Grassland-Scattered bracken,B2-C2,Bracken,Abundant,30-50%,Pteridium aquilinum,Plantae,Tracheophyta,Polypodiopsida,Polypodiales,Dennstaedtiaceae,Pteridium,aquilinum,Species,masts.slurs.waving,55.698,-5.28734,WGS84,SCT,Rhododendron Present,Vegetation,RossN,Abundant,
6,SS-Veg-TS-149-1R,SS-Veg-TS-149-1-4,HumanObservation,2026-09-14,Mosaic: Semi-Improved Acidic Grassland-Scattered bracken,B2-C2,Blackberry (Brambles),Occasional,5-15%,Rubus fruticosis,Plantae,Tracheophyta,Magnoliopsida,Rosales,Rosaceae,Rubus,fruticosus,Species,masts.slurs.waving,55.698,-5.28734,WGS84,SCT,,Vegetation,RossN,Frequent,
6,SS-Veg-TS-149-1R,SS-Veg-TS-149-1-5,HumanObservation,2026-09-14,Mosaic: Semi-Improved Acidic Grassland-Scattered bracken,B2-C2,Hawthorn,Rare,0-5%,Crataegus monogyna,Plantae,Tracheophyta,Magnoliopsida,Rosales,Rosaceae,Crataegus,monogyna,Species,masts.slurs.waving,55.698,-5.28734,WGS84,SCT,"Heavily grazed, smaller individuals more affected",Vegetation,RossN,Occasional,
6,SS-Veg-TS-149-1R,SS-Veg-TS-149-1-6,HumanObservation,2026-09-14,Mosaic: Semi-Improved Acidic Grassland-Scattered bracken,B2-C2,Harebell,Rare,0-5%,Campanula rotundifolia,Plantae,Tracheophyta,Magnoliopsida,Asterales,Campanulaceae,Campanula,rotundifolia,Species,masts.slurs.waving,55.698,-5.28734,WGS84,SCT,,Vegetation,RossN,Rare,
6,SS-Veg-TS-149-1R,SS-Veg-TS-149-1-7,HumanObservation,2026-09-14,Mosaic: Semi-Improved Acidic Grassland-Scattered bracken,B2-C2,Soft Rush,Dominant,50-100%,Juncus effusus,Plantae,Tracheophyta,Liliopsida,Poales,Juncaceae,Juncus,effusus,Species,masts.slurs.waving,55.698,-5.28734,WGS84,SCT,Can indicate poor drainage,Vegetation,RossN,Dominant,
6,SS-Veg-TS-149-1R,SS-Veg-TS-149-1-6,HumanObservation,2026-09-14,Mosaic: Semi-Improved Acidic Grassland-Scattered bracken,B2-C2,Bell Heather,Occasional,5-15%,Erica cinerea,Plantae,Tracheophyta,Magnoliopsida,Ericales,Ericaceae,Erica,cinerea,Species,masts.slurs.waving,55.698,-5.28734,WGS84,SCT,,Vegetation,RossN,Abundant,
7,SS-Veg-TS-149-1R,SS-Veg-TS-149-1-7,HumanObservation,2026-09-14,Broadleaved Woodland,A1.1,Downy Birch,Dominant,50-100%,Betula pubescens,Plantae,Tracheophyta,Magnoliopsida,Fagales,Betulaceae,Betula,pubescens,Species,brothers.decreased.acids,55.69794,-5.2881,WGS84,SCT,"Supports asterisk lichen and plait moss, more populous in West",Vegetation,RossN,Frequent,
7,SS-Veg-TS-149-1R,SS-Veg-TS-149-1-8,HumanObservation,2026-09-14,Broadleaved Woodland,A1.1,Great Wood Rush,Occasional,5-15%,Luzula sylvatica,Plantae,Tracheophyta,Liliopsida,Poales,Juncaceae,Luzula,sylvatica,Species,brothers.decreased.acids,55.69794,-5.2881,WGS84,SCT,Rhododendron occasional,Vegetation,RossN,Occasional,
7,SS-Veg-TS-149-1R,SS-Veg-TS-149-1-9,HumanObservation,2026-09-14,Broadleaved Woodland,A1.1,Bracken,Dominant,50-100%,Pteridium aquilinum,Plantae,Tracheophyta,Polypodiopsida,Polypodiales,Dennstaedtiaceae,Pteridium,aquilinum,Species,brothers.decreased.acids,55.69794,-5.2881,WGS84,SCT,Dominates Understory,Vegetation,RossN,Rare,
8,SS-Veg-TS-149-1R,SS-Veg-TS-149-1-10,HumanObservation,2026-09-14,Continuous Bracken,C1,Bracken,Dominant,50-100%,Pteridium aquilinum,Plantae,Tracheophyta,Polypodiopsida,Polypodiales,Dennstaedtiaceae,Pteridium,aquilinum,Species,profiled.slave.destroyer,55.69681,-5.28676,WGS84,SCT,Rhododendron Present,Vegetation,RossN,Dominant,
9,SS-Veg-TS-149-1R,SS-Veg-TS-149-1-11,HumanObservation,2026-09-14,Acidic Moorland,B2,Purple Moor Grass,Dominant,50-100%,Molinia caerulea,Plantae,Tracheophyta,Liliopsida,Poales,Poaceae,Molinia,caerulea,Species,wriggle.palace.yummy,55.69689,-5.28705,WGS84,SCT,"Small rhododendron stalks present, no large bushes",Vegetation,RossN,Abundant,
9,SS-Veg-TS-149-1R,SS-Veg-TS-149-1-12,HumanObservation,2026-09-14,Acidic Moorland,B2,Mat Grass,Dominant,50-100%,Nardus stricta ,Plantae,Tracheophyta,Liliopsida,Poales,Poaceae,Nardus,stricta,Species,wriggle.palace.yummy,55.69689,-5.28705,WGS84,SCT,,Vegetation,RossN,Frequent,
9,SS-Veg-TS-149-1R,SS-Veg-TS-149-1-13,HumanObservation,2026-09-14,Acidic Moorland,B2,Bell Heather,Frequent,15-30%,Erica cinerea,Plantae,Tracheophyta,Magnoliopsida,Ericales,Ericaceae,Erica,cinerea,Species,wriggle.palace.yummy,55.69689,-5.28705,WGS84,SCT,,Vegetation,RossN,Occasional,
9,SS-Veg-TS-149-1R,SS-Veg-TS-149-1-14,HumanObservation,2026-09-14,Acidic Moorland,B2,Foxglove,Frequent,15-30%,Digitalis purpurea,Plantae,Tracheophyta,Magnoliopsida,Lamiales,Plantaginaceae,Digitalis,purpurea,Species,wriggle.palace.yummy,55.69689,-5.28705,WGS84,SCT,,Vegetation,RossN,Rare,
9,SS-Veg-TS-149-1R,SS-Veg-TS-149-1-15,HumanObservation,2026-09-14,Acidic Moorland,B2,Devil's Bit Scabious,Occasional,5-15%,Succisa pratensis,Plantae,Tracheophyta,Magnoliopsida,Dipsacales,Caprifoliaceae,Succisa,pratensis,Species,wriggle.palace.yummy,55.69689,-5.28705,WGS84,SCT,,Vegetation,RossN,Dominant,
10,SS-Veg-TS-149-1R,SS-Veg-TS-149-1-16,HumanObservation,2026-09-14,Continuous Bracken,C1,Bracken,Dominant,50-100%,Pteridium aquilinum,Plantae,Tracheophyta,Polypodiopsida,Polypodiales,Dennstaedtiaceae,Pteridium,aquilinum,Species,often.following.chapters,55.6967,-5.28719,WGS84,SCT,,Vegetation,RossN,Abundant,
10,SS-Veg-TS-149-1R,SS-Veg-TS-149-1-17,HumanObservation,2026-09-14,Continuous Bracken,C1,Tormentil,Occasional,5-15%,Potentilla erecta,Plantae,Tracheophyta,Magnoliopsida,Rosales,Rosaceae,Potentilla,erecta,Species,often.following.chapters,55.6967,-5.28719,WGS84,SCT,more common near disturbances,Vegetation,RossN,Frequent,
11,SS-Veg-TS-149-1R,SS-Veg-TS-149-1-18,HumanObservation,2026-09-14,Acidic Moorland,B2,Purple Moor Grass,Dominant,50-100%,Molinia caerulea,Plantae,Tracheophyta,Liliopsida,Poales,Poaceae,Molinia,caerulea,Species,tennis.remission.reporters,55.69714,-5.28648,WGS84,SCT,,Vegetation,RossN,Occasional,
11,SS-Veg-TS-149-1R,SS-Veg-TS-149-1-19,HumanObservation,2026-09-14,Acidic Moorland,B2,Tormentil,Occasional,5-15%,Potentilla erecta,Plantae,Tracheophyta,Magnoliopsida,Rosales,Rosaceae,Potentilla,erecta,Species,tennis.remission.reporters,55.69714,-5.28648,WGS84,SCT,,Vegetation,RossN,Rare,
11,SS-Veg-TS-149-1R,SS-Veg-TS-149-1-20,HumanObservation,2026-09-14,Acidic Moorland,B2,Bent Grass,Dominant,50-100%,Agrostis capillaris,Plantae,Tracheophyta,Liliopsida,Poales,Poaceae,Agrostis,capillaris,Species,tennis.remission.reporters,55.69714,-5.28648,WGS84,SCT,,Vegetation,RossN,Dominant,
11,SS-Veg-TS-149-1R,SS-Veg-TS-149-1-21,HumanObservation,2026-09-14,Acidic Moorland,B2,Hawthorn,Occasional,5-15%,Crataegus monogyna,Plantae,Tracheophyta,Magnoliopsida,Rosales,Rosaceae,Crataegus,monogyna,Species,zoos.described.bring,55.69654,-5.28466,WGS84,SCT,Heavily grazed smaller individuals,Vegetation,RossN,Abundant,
12,SS-Veg-TS-149-1R,SS-Veg-TS-149-1-22,HumanObservation,2026-09-14,Acidic Moorland,B2,Purple Moor Grass,Dominant,50-100%,Molinia caerulea,Plantae,Tracheophyta,Liliopsida,Poales,Poaceae,Molinia,caerulea,Species,snows.cluttered.senior,55.69633,-5.28452,WGS84,SCT,,Vegetation,RossN,Frequent,
12,SS-Veg-TS-149-1R,SS-Veg-TS-149-1-23,HumanObservation,2026-09-14,Acidic Moorland,B2,Tufted Hair Grass,Frequent,15-30%,Deschampia cespitosa,Plantae,Tracheophyta,Liliopsida,Poales,Poaceae,Deschampsia,cespitosa,Species,snows.cluttered.senior,55.69633,-5.28452,WGS84,SCT,,Vegetation,RossN,Occasional,
12,SS-Veg-TS-149-1R,SS-Veg-TS-149-1-24,HumanObservation,2026-09-14,Acidic Moorland,B2,Crossleaf Heather,Abundant,30-50%,Erica tetralix,Plantae,Tracheophyta,Magnoliopsida,Ericales,Ericaceae,Erica,tetralix,Species,snows.cluttered.senior,55.69633,-5.28452,WGS84,SCT,,Vegetation,RossN,Rare,
12,SS-Veg-TS-149-1R,SS-Veg-TS-149-1-25,HumanObservation,2026-09-14,Acidic Moorland,B2,Heath Rush,Abundant,30-50%,Juncus squarrosus,Plantae,Tracheophyta,Liliopsida,Poales,Juncaceae,Juncus,squarrosus,Species,snows.cluttered.senior,55.69633,-5.28452,WGS84,SCT,,Vegetation,RossN,Dominant,
12,SS-Veg-TS-149-1R,SS-Veg-TS-149-1-26,HumanObservation,2026-09-14,Acidic Moorland,B2,Sphagnum moss,Dominant,50-100%,Sphagnum spp.,Plantae,Bryophyta,Sphagnopsida,Sphagnales,Sphagnaceae,Sphagnum,N/A,Genus,snows.cluttered.senior,55.69633,-5.28452,WGS84,SCT,,Vegetation,RossN,Abundant,
13,SS-Veg-TS-149-2R,SS-Veg-TS-149-2-1,HumanObservation,2026-09-14,Wet Modified Bog,E1.7,Purple Moor Grass,Dominant,50-100%,Molinia caerulea,Plantae,Tracheophyta,Liliopsida,Poales,Poaceae,Molinia,caerulea,Species,rare.finishing.paintings,55.69592,-5.27055,WGS84,SCT,,Vegetation,RossN,Frequent,
13,SS-Veg-TS-149-2R,SS-Veg-TS-149-2-2,HumanObservation,2026-09-14,Wet Modified Bog,E1.7,Bog Asphodel,Frequent,15-30%,Narthecium ossifragum,Plantae,Tracheophyta,Liliopsida,Dioscoreales,Nartheciaceae,Narthecium,ossifragum,Species,rare.finishing.paintings,55.69592,-5.27055,WGS84,SCT,,Vegetation,RossN,Occasional,
13,SS-Veg-TS-149-2R,SS-Veg-TS-149-2-3,HumanObservation,2026-09-14,Wet Modified Bog,E1.7,Crossleaf Heather,Abundant,30-50%,Erica tetralix,Plantae,Tracheophyta,Magnoliopsida,Ericales,Ericaceae,Erica,tetralix,Species,rare.finishing.paintings,55.69592,-5.27055,WGS84,SCT,Rhododendron present Frequent,Vegetation,RossN,Rare,
13,SS-Veg-TS-149-2R,SS-Veg-TS-149-2-4,HumanObservation,2026-09-14,Wet Modified Bog,E1.7,Heath Rush,Rare,0-5%,Juncus squarrosus,Plantae,Tracheophyta,Liliopsida,Poales,Juncaceae,Juncus,squarrosus,Species,rare.finishing.paintings,55.69592,-5.27055,WGS84,SCT,"Certain areas are heavily inundated, with small puddles",Vegetation,RossN,Dominant,
13,SS-Veg-TS-149-2R,SS-Veg-TS-149-2-5,HumanObservation,2026-09-14,Wet Modified Bog,E1.7,Devil's Bit Scabious,Frequent,15-30%,Succisa pratensis,Plantae,Tracheophyta,Magnoliopsida,Dipsacales,Caprifoliaceae,Succisa,pratensis,Species,rare.finishing.paintings,55.69592,-5.27055,WGS84,SCT,,Vegetation,RossN,Abundant,
13,SS-Veg-TS-149-2R,SS-Veg-TS-149-2-6,HumanObservation,2026-09-14,Wet Modified Bog,E1.7,Sundew,Rare,0-5%,Drosera rotundifolia,Plantae,Tracheophyta,Magnoliopsida,Caryophyllales,Droseraceae,Drosera,rotundifolia,Species,rare.finishing.paintings,55.69592,-5.27055,WGS84,SCT,,Vegetation,RossN,Frequent,
13,SS-Veg-TS-149-2R,SS-Veg-TS-149-2-7,HumanObservation,2026-09-14,Wet Modified Bog,E1.7,Common cottongrass,Occasional,5-15%,Eriophorum angustifolium,Plantae,Tracheophyta,Liliopsida,Poales,Cyperaceae,Eriophorum,angustifolium,Species,coasting.tarnished.plodding,55.69595,-5.27169,WGS84,SCT,,Vegetation,RossN,Occasional,
13,SS-Veg-TS-149-2R,SS-Veg-TS-149-2-8,HumanObservation,2026-09-14,Wet Modified Bog,E1.7,Sphagnum moss,Abundant,30-50%,Sphagnum spp.,Plantae,Bryophyta,Sphagnopsida,Sphagnales,Sphagnaceae,Sphagnum,N/A,Genus,coasting.tarnished.plodding,55.69595,-5.27169,WGS84,SCT,dairies.reefs.horizons small pond,Vegetation,RossN,Rare,
13,SS-Veg-TS-149-2R,SS-Veg-TS-149-2-9,HumanObservation,2026-09-14,Wet Modified Bog,E1.7,Rhododendron,Abundant,30-50%,Rhododendron ponticum,Plantae,Tracheophyta,Magnoliopsida,Ericales,Ericaceae,Rhododendron,ponticum,Species,cyclones.contact.tubes,55.69614,-5.27332,WGS84,SCT,Invasive!!,Vegetation,RossN,Dominant,
14,SS-Veg-TS-159-1R,SS-Veg-TS-159-1R-1,HumanObservation,2026-09-15,Mosaic: Scattered Bracken-Broadleaved Woodland,C2-A1.1,Bracken,Dominant ,50-100%,Pteridium aquilinum,Plantae,Tracheophyta,Polypodiopsida,Polypodiales,Dennstaedtiaceae,Pteridium,aquilinum,Species,springing.crisps.example,55.69988,-5.2836,WGS84,SCT,Invasive Rhododendron present with Frequent abundance,Vegetation,RossN,Abundant,
14,SS-Veg-TS-159-1R,SS-Veg-TS-159-1R-2,HumanObservation,2026-09-15,Mosaic: Scattered Bracken-Broadleaved Woodland,C2-A1.1,Ash Tree,Occasional,5-15%,Fraxinus excelsior,Plantae,Tracheophyta,Magnoliopsida,Lamiales,Oleaceae,Fraxinus,excelsior,Species,springing.crisps.example,55.69988,-5.2836,WGS84,SCT,,Vegetation,RossN,Frequent,
14,SS-Veg-TS-159-1R,SS-Veg-TS-159-1R-3,HumanObservation,2026-09-15,Mosaic: Scattered Bracken-Broadleaved Woodland,C2-A1.1,Yellow Iris,Occasional,5-15%,Iris pseudacorus,Plantae,Tracheophyta,Liliopsida,Asparagales,Iridaceae,Iris,Iris pseudacorus,Species,springing.crisps.example,55.69988,-5.2836,WGS84,SCT,"Area next to local back garden, may be influenced by gardening activities",Vegetation,RossN,Occasional,
14,SS-Veg-TS-159-1R,SS-Veg-TS-159-1R-4,HumanObservation,2026-09-15,Mosaic: Scattered Bracken-Broadleaved Woodland,C2-A1.1,Hawthorn,Frequent,15-30%,Crataegus monogyna,Plantae,Tracheophyta,Magnoliopsida,Rosales,Rosaceae,Crataegus,monogyna,Species,springing.crisps.example,55.69988,-5.2836,WGS84,SCT,Appear ungrazed,Vegetation,RossN,Rare,
15,SS-Veg-TS-159-2R,SS-Veg-TS-159-2R-1,HumanObservation,2026-09-15,Continuous Bracken,C1,Bracken ,Dominant,50-100%,Pteridium aquilinum,Plantae,Tracheophyta,Polypodiopsida,Polypodiales,Dennstaedtiaceae,Pteridium,aquilinum,Species,bland.ramps.stoops,55.69692,-5.27255,WGS84,SCT,Occasional rhododendron,Vegetation,RossN,Dominant,
15,SS-Veg-TS-159-2R,SS-Veg-TS-159-2R-2,HumanObservation,2026-09-15,Continuous Bracken,C1,Purple Moor Grass,Occasional,5-15%,Molinia caerulea,Plantae,Tracheophyta,Liliopsida,Poales,Poaceae,Molinia,caerulea,Species,bland.ramps.stoops,55.69692,-5.27255,WGS84,SCT,,Vegetation,RossN,Abundant,
15,SS-Veg-TS-159-2R,SS-Veg-TS-159-2R-3,HumanObservation,2026-09-15,Continuous Bracken,C1,Bell Heather,Rare,0-5%,Erica cinerea,Plantae,Tracheophyta,Magnoliopsida,Ericales,Ericaceae,Erica,cinerea,Species,bland.ramps.stoops,55.69692,-5.27255,WGS84,SCT,,Vegetation,RossN,Frequent,
15,SS-Veg-TS-159-2R,SS-Veg-TS-159-2R-4,HumanObservation,2026-09-15,Continuous Bracken,C1,Crossleaf Heather,Rare,0-5%,Erica tetralix,Plantae,Tracheophyta,Magnoliopsida,Ericales,Ericaceae,Erica,tetralix,Species,bland.ramps.stoops,55.69692,-5.27255,WGS84,SCT,,Vegetation,RossN,Occasional,
15,SS-Veg-TS-159-2R,SS-Veg-TS-159-2R-5,HumanObservation,2026-09-15,Continuous Bracken,C1,Bog Asphodel,Rare,0-5%,Narthecium ossifragum,Plantae,Tracheophyta,Liliopsida,Dioscoreales,Nartheciaceae,Narthecium,ossifragum,Species,bland.ramps.stoops,55.69692,-5.27255,WGS84,SCT,,Vegetation,RossN,Rare,
15,SS-Veg-TS-159-2R,SS-Veg-TS-159-2R-6,HumanObservation,2026-09-15,Continuous Bracken,C1,Rowan Tree,Rare,0-5%,Sorbus aucuparia,Plantae,Tracheophyta,Magnoliopsida,Rosales,Rosaceae,Sorbus,aucuparia,Species,bland.ramps.stoops,55.69692,-5.27255,WGS84,SCT,,Vegetation,RossN,Dominant,
16,SS-Veg-TS-159-2R,SS-Veg-TS-159-2R-7,HumanObservation,2026-09-15,Wet Modified Bog,E1.7,Purple Moor Grass,Dominant ,50-100%,Molinia caerulea,Plantae,Tracheophyta,Liliopsida,Poales,Poaceae,Molinia,caerulea,Species,clincher.face.greet,55.69665,-5.27337,WGS84,SCT,,Vegetation,RossN,Abundant,
16,SS-Veg-TS-159-2R,SS-Veg-TS-159-2R-8,HumanObservation,2026-09-15,Wet Modified Bog,E1.7,Bog Asphodel,Abundant,30-50%,Narthecium ossifragum,Plantae,Tracheophyta,Liliopsida,Dioscoreales,Nartheciaceae,Narthecium,ossifragum,Species,clincher.face.greet,55.69665,-5.27337,WGS84,SCT,,Vegetation,RossN,Frequent,
16,SS-Veg-TS-159-2R,SS-Veg-TS-159-2R-9,HumanObservation,2026-09-15,Wet Modified Bog,E1.7,Crossleaf Heather,Frequent,15-30%,Erica tetralix,Plantae,Tracheophyta,Magnoliopsida,Ericales,Ericaceae,Erica,tetralix,Species,clincher.face.greet,55.69665,-5.27337,WGS84,SCT,,Vegetation,RossN,Occasional,
16,SS-Veg-TS-159-2R,SS-Veg-TS-159-2R-10,HumanObservation,2026-09-15,Wet Modified Bog,E1.7,Sphagnum moss,Occasional,5-15%,Sphagnum spp.,Plantae,Bryophyta,Sphagnopsida,Sphagnales,Sphagnaceae,Sphagnum,N/A,Genus,clincher.face.greet,55.69665,-5.27337,WGS84,SCT,,Vegetation,RossN,Rare,
16,SS-Veg-TS-159-2R,SS-Veg-TS-159-2R-11,HumanObservation,2026-09-15,Wet Modified Bog,E1.7,Bell Heather,Rare,0-5%,Erica cinerea,Plantae,Tracheophyta,Magnoliopsida,Ericales,Ericaceae,Erica,cinerea,Species,clincher.face.greet,55.69665,-5.27337,WGS84,SCT,,Vegetation,RossN,Dominant,
16,SS-Veg-TS-159-2R,SS-Veg-TS-159-2R-13,HumanObservation,2026-09-15,Wet Modified Bog,E1.7,Common Heather,Rare,0-5%,Calluna vulgaris,Plantae,Tracheophyta,Magnoliopsida,Ericales,Ericaceae,Calluna,vulgaris,Species,clincher.face.greet,55.69665,-5.27337,WGS84,SCT,Heavily Inundated soil,Vegetation,RossN,Abundant,
17,SS-Veg-TS-159-2R,SS-Veg-TS-159-2R-14,HumanObservation,2026-09-15,Continuous Bracken,C1,Bracken ,Dominant,50-100%,Pteridium aquilinum,Plantae,Tracheophyta,Polypodiopsida,Polypodiales,Dennstaedtiaceae,Pteridium,aquilinum,Species,attention.aviation.mouse,55.69473,-5.26917,WGS84,SCT,"No crossleaf heather here, more bell heather, Rhododendron present ///grills.cost.encoding",Vegetation,RossN,Frequent,
18,SS-Veg-TS-159-2R,SS-Veg-TS-159-2R-15,HumanObservation,2026-09-15,Mosaic: Scattered Bracken-Moorland,C2-B2,Rowan Tree,Rare,0-5%,Sorbus aucuparia,Plantae,Tracheophyta,Magnoliopsida,Rosales,Rosaceae,Sorbus,aucuparia,Species,endings.goodnight.cheered,55.6942,-5.27178,WGS84,SCT,Occasional rhododendron,Vegetation,RossN,Occasional,
18,SS-Veg-TS-159-2R,SS-Veg-TS-159-2R-16,HumanObservation,2026-09-15,Mosaic: Scattered Bracken-Moorland,C2-B2,Bracken ,Dominant,50-100%,Pteridium aquilinum,Plantae,Tracheophyta,Polypodiopsida,Polypodiales,Dennstaedtiaceae,Pteridium,aquilinum,Species,endings.goodnight.cheered,55.6942,-5.27178,WGS84,SCT,,Vegetation,RossN,Rare,
18,SS-Veg-TS-159-2R,SS-Veg-TS-159-2R-17,HumanObservation,2026-09-15,Mosaic: Scattered Bracken-Moorland,C2-B2,Purple Moor Grass,Frequent,15-30%,Molinia caerulea,Plantae,Tracheophyta,Liliopsida,Poales,Poaceae,Molinia,caerulea,Species,endings.goodnight.cheered,55.6942,-5.27178,WGS84,SCT,,Vegetation,RossN,Dominant,
18,SS-Veg-TS-159-2R,SS-Veg-TS-159-2R-18,HumanObservation,2026-09-15,Mosaic: Scattered Bracken-Moorland,C2-B2,Bell Heather,Occasional,5-15%,Erica cinerea,Plantae,Tracheophyta,Magnoliopsida,Ericales,Ericaceae,Erica,cinerea,Species,endings.goodnight.cheered,55.6942,-5.27178,WGS84,SCT,,Vegetation,RossN,Abundant,
18,SS-Veg-TS-159-2R,SS-Veg-TS-159-2R-19,HumanObservation,2026-09-15,Mosaic: Scattered Bracken-Moorland,C2-B2,Purple Moor Grass,Dominant,50-100%,Molinia caerulea,Plantae,Tracheophyta,Liliopsida,Poales,Poaceae,Molinia,caerulea,Species,dreading.strutted.engulfing,55.69412,-5.2704,WGS84,SCT,Bog indicators near drainage paths,Vegetation,RossN,Frequent,
18,SS-Veg-TS-159-2R,SS-Veg-TS-159-2R-20,HumanObservation,2026-09-15,Mosaic: Scattered Bracken-Moorland,C2-B2,Bracken ,Abundant,30-50%,Pteridium aquilinum,Plantae,Tracheophyta,Polypodiopsida,Polypodiales,Dennstaedtiaceae,Pteridium,aquilinum,Species,dreading.strutted.engulfing,55.69412,-5.2704,WGS84,SCT,,Vegetation,RossN,Occasional,
18,SS-Veg-TS-159-2R,SS-Veg-TS-159-2R-21,HumanObservation,2026-09-15,Mosaic: Scattered Bracken-Moorland,C2-B2,Bell Heather,Frequent,15-30%,Erica cinerea,Plantae,Tracheophyta,Magnoliopsida,Ericales,Ericaceae,Erica,cinerea,Species,dreading.strutted.engulfing,55.69412,-5.2704,WGS84,SCT,,Vegetation,RossN,Rare,
18,SS-Veg-TS-159-2R,SS-Veg-TS-159-2R-22,HumanObservation,2026-09-15,Mosaic: Scattered Bracken-Moorland,C2-B2,Sphagnum moss,Occasional,5-15%,Sphagnum spp.,Plantae,Bryophyta,Sphagnopsida,Sphagnales,Sphagnaceae,Sphagnum,N/A,Genus,dreading.strutted.engulfing,55.69412,-5.2704,WGS84,SCT,,Vegetation,RossN,Dominant,
19,SS-Veg-TS-139-2,SS-Veg-TS-139-2-1,HumanObservation,2026-09-13,Continuous Bracken,C1,Bracken,Dominant,50-100%,Pteridium aquilinum,Plantae,Tracheophyta,Polypodiopsida,Polypodiales,Dennstaedtiaceae,Pteridium,aquilinum,Species,burying.jousting.contract,?,?,WGS84,SCT,,Vegetation,ChloeC,Abundant,
20,SS-Veg-TS-139-2,SS-Veg-TS-139-2-2,HumanObservation,2026-09-13,Semi-improved Acidic Grassland,B2,Wavy-Hair Grass,Dominant ,50-100%,Deschampsia flexuosa,Plantae,Tracheophyta,Liliopsida,Poales,Poaceae,Deschampsia,flexuosa,Species,tiger.streak.appeal,55.69827,-5.28509,WGS84,SCT,,Vegetation,ChloeC,Frequent,
20,SS-Veg-TS-139-2,SS-Veg-TS-139-2-3,HumanObservation,2026-09-13,Semi-improved Acidic Grassland,B2,Mat Grass,Dominant ,50-100%,Nardus stricta ,Plantae,Tracheophyta,Liliopsida,Poales,Poaceae,Nardus,stricta,Species,tiger.streak.appeal,55.69827,-5.28509,WGS84,SCT,,Vegetation,ChloeC,Occasional,
20,SS-Veg-TS-139-2,SS-Veg-TS-139-2-4,HumanObservation,2026-09-13,Semi-Improved Acidic Grassland,B2,Hawthorne,Occasional,5-15%,Crataegus monogyna,Plantae,Tracheophyta,Magnoliopsida,Rosales,Rosaceae,Crataegus,monogyna,Species,tiger.streak.appeal,55.69827,-5.28509,WGS84,SCT,Heavily grazed Hawthorne,Vegetation,ChloeC,Rare,
20,SS-Veg-TS-139-2,SS-Veg-TS-139-2-5,HumanObservation,2026-09-13,Semi-improved Acidic Grassland,B2,Glaucous sedge,Rare,0-5%,Carex flacca,Plantae,Tracheophyta,Liliopsida,Poales,Cyperaceae,Carex,flacca,Species,tiger.streak.appeal,55.69827,-5.28509,WGS84,SCT,,Vegetation,ChloeC,Dominant,
21,SS-Veg-TS-139-2,SS-Veg-TS-139-2-6,HumanObservation,2026-09-13,Wet heath/acidic grassland mosaic,D6,Sphagnum moss,Frequent,15-30%,Sphagnum flesum,Plantae,Bryophyta,Sphagnopsida,Sphagnales,Sphagnaceae,Sphagnum,N/A,Species,extremes.corkscrew.stylists,55.69819,-5.28509,WGS84,SCT,,Vegetation,ChloeC,Abundant,
21,SS-Veg-TS-139-2,SS-Veg-TS-139-2-7,HumanObservation,2026-09-13,Wet heath/acidic grassland mosaic,D6,Bell Heather,Frequent,15-30%,Erica cinerea,Plantae,Tracheophyta,Magnoliopsida,Ericales,Ericaceae,Erica,cinerea,Species,extremes.corkscrew.stylists,55.69819,-5.28509,WGS84,SCT,,Vegetation,ChloeC,Frequent,
21,SS-Veg-TS-139-2,SS-Veg-TS-139-2-8,HumanObservation,2026-09-13,Wet heath/acidic grassland mosaic,D6,Blaeberry,Frequent,15-30%,Vaccinum myrtillus,Plantae,Tracheophyta,Magnoliopsida,Ericales,Ericaceae,Vaccinium,myrtillus,Species,extremes.corkscrew.stylists,55.69819,-5.28509,WGS84,SCT,,Vegetation,ChloeC,Occasional,
21,SS-Veg-TS-139-2,SS-Veg-TS-139-2-9,HumanObservation,2026-09-13,Wet heath/acidic grassland mosaic,D6,Soft rush,Occasional,5-15%,Juncus effusus,Plantae,Tracheophyta,Liliopsida,Poales,Juncaceae,Juncus,effusus,Species,extremes.corkscrew.stylists,55.69819,-5.28509,WGS84,SCT,,Vegetation,ChloeC,Rare,
21,SS-Veg-TS-139-2,SS-Veg-TS-139-2-10,HumanObservation,2026-09-13,Wet heath/acidic grassland mosaic,D6,Common gorse,occasional,5-15%,Ulex europaeus,Plantae,Tracheophyta,Magnoliopsida,Fabales,Fabaceae,Ulex,europaeus,Species,extremes.corkscrew.stylists,55.69819,-5.28509,WGS84,SCT,,Vegetation,ChloeC,Dominant,
21,SS-Veg-TS-139-2,SS-Veg-TS-139-2-11,HumanObservation,2026-09-13,Wet heath/acidic grassland mosaic,D6,Hawthorne ,Rare,0-5%,Crataegus monogyna,Plantae,Tracheophyta,Magnoliopsida,Rosales,Rosaceae,Crataegus,monogyna,Species,extremes.corkscrew.stylists,55.69819,-5.28509,WGS84,SCT,,Vegetation,ChloeC,Abundant,
22,SS-Veg-TS-139-2,SS-Veg-TS-139-2-12,HumanObservation,2026-09-13,Neutral grassland,B2,Hawthorne ,Occasional,5-15%,Pteridium aquilinum,Plantae,Tracheophyta,Polypodiopsida,Polypodiales,Dennstaedtiaceae,Pteridium,aquilinum,Species,flocking.father.shower,55.69697,-5.28394,WGS84,SCT,Golden Eagle spotted,Vegetation,ChloeC,Frequent,
22,SS-Veg-TS-139-2,SS-Veg-TS-139-2-13,HumanObservation,2026-09-13,Neutral grassland,B2,Mat grass,Dominant ,50-100%,Nardus stricta ,Plantae,Tracheophyta,Liliopsida,Poales,Poaceae,Nardus,stricta,Species,flocking.father.shower,55.69697,-5.28394,WGS84,SCT,,Vegetation,ChloeC,Occasional,
22,SS-Veg-TS-139-2,SS-Veg-TS-139-2-14,HumanObservation,2026-09-13,Neutral grassland,B2,Sweet vernal,Dominant ,50-100%,Anthoxanthum odoratum,Plantae,Tracheophyta,Liliopsida,Poales,Poaceae,Anthoxanthum,odoratum,Species,flocking.father.shower,55.69697,-5.28394,WGS84,SCT,,Vegetation,ChloeC,Rare,
22,SS-Veg-TS-139-2,SS-Veg-TS-139-2-15,HumanObservation,2026-09-13,Neutral grassland,B2,Crested dogtail,Dominant ,50-100%,Cynosurus cristatus,Plantae,Tracheophyta,Liliopsida,Poales,Poaceae,Cynosurus,cristatus,Species,flocking.father.shower,55.69697,-5.28394,WGS84,SCT,,Vegetation,ChloeC,Dominant,
22,SS-Veg-TS-139-2,SS-Veg-TS-139-2-16,HumanObservation,2026-09-13,Neutral grassland,B2,Bell heather,Rare,0-5%,Erica cinerea,Plantae,Tracheophyta,Magnoliopsida,Ericales,Ericaceae,Erica,cinerea,Species,flocking.father.shower,55.69697,-5.28394,WGS84,SCT,,Vegetation,ChloeC,Abundant,
23,SS-Veg-TS-139-2,SS-Veg-TS-139-2-17,HumanObservation,2026-09-13,Acidic moorland,B2,Purple Moor Grass,Dominant ,50-100%,Molinia caerulea,Plantae,Tracheophyta,Liliopsida,Poales,Poaceae,Molinia,caerulea,Species,hairstyle.crackling.swoop,55.69751,-5.28447,WGS84,SCT,,Vegetation,ChloeC,Frequent,
23,SS-Veg-TS-139-2,SS-Veg-TS-139-2-18,HumanObservation,2026-09-13,Acidic moorland,B2,Braken,Occasional,5-15%,Pteridium aquilinum,Plantae,Tracheophyta,Polypodiopsida,Polypodiales,Dennstaedtiaceae,Pteridium,aquilinum,Species,hairstyle.crackling.swoop,55.69751,-5.28447,WGS84,SCT,,Vegetation,ChloeC,Occasional,
23,SS-Veg-TS-139-2,SS-Veg-TS-139-2-19,HumanObservation,2026-09-13,Acidic moorland,B2,Hawthorne ,Rare,0-5%,Crataegus monogyna,Plantae,Tracheophyta,Magnoliopsida,Rosales,Rosaceae,Crataegus,monogyna,Species,hairstyle.crackling.swoop,55.69751,-5.28447,WGS84,SCT,,Vegetation,ChloeC,Rare,
23,SS-Veg-TS-139-2,SS-Veg-TS-139-2-20,HumanObservation,2026-09-13,Acidic moorland,B2,Bell Heather,Rare,0-5%,Erica cinerea,Plantae,Tracheophyta,Magnoliopsida,Ericales,Ericaceae,Erica,cinerea,Species,hairstyle.crackling.swoop,55.69751,-5.28447,WGS84,SCT,,Vegetation,ChloeC,Dominant,
23,SS-Veg-TS-139-2,SS-Veg-TS-139-2-21,HumanObservation,2026-09-13,Acidic moorland,B2,Bramble ,rare,0-5%,Rubus fruticosus,Plantae,Tracheophyta,Magnoliopsida,Rosales,Rosaceae,Rubus,fruticosus,Species,hairstyle.crackling.swoop,55.69751,-5.28447,WGS84,SCT,,Vegetation,ChloeC,Abundant,
23,SS-Veg-TS-139-2,SS-Veg-TS-139-2-22,HumanObservation,2026-09-13,Acidic moorland,B2,Gallium,Dominant ,50-100%,Galium saxatile,Plantae,Tracheophyta,Magnoliopsida,Gentianales,Rubiaceae,Galium,saxatile,Species,hairstyle.crackling.swoop,55.69751,-5.28447,WGS84,SCT,,Vegetation,ChloeC,Frequent,
23,SS-Veg-TS-139-2,SS-Veg-TS-139-2-23,HumanObservation,2026-09-13,Acidic moorland,B2,Blaeberry,frequent,15-30%,Vaccinium myrtillus,Plantae,Tracheophyta,Magnoliopsida,Ericales,Ericaceae,Vaccinium,myrtillus,Species,hairstyle.crackling.swoop,55.69751,-5.28447,WGS84,SCT,,Vegetation,ChloeC,Occasional,
24,SS-Veg-TS-139-2,SS-Veg-TS-139-2-24,HumanObservation,2026-09-13,Continuous Bracken,C1,Bracken ,Dominant ,50-100%,Pteridium aquilinum,Plantae,Tracheophyta,Polypodiopsida,Polypodiales,Dennstaedtiaceae,Pteridium,aquilinum,Species,reversed.ramp.grounding,55.698,-5.28495,WGS84,SCT,,Vegetation,ChloeC,Rare,
25,SS-Veg-TS-139-2,SS-Veg-TS-139-2-25,HumanObservation,2026-09-13,Wet heath/acidic grassland mosaic,D6,Wavy-Hair Grass,Frequent,15-30%,Deschampsia flexuosa,Plantae,Tracheophyta,Liliopsida,Poales,Poaceae,Deschampsia,flexuosa,Species,flaking.wildfires.tested,55.69697,-5.28394,WGS84,SCT,,Vegetation,ChloeC,Dominant,
25,SS-Veg-TS-139-2,SS-Veg-TS-139-2-26,HumanObservation,2026-09-13,Wet heath/acidic grassland mosaic,D6,Bell heather,Frequent,15-30%,Erica cinerea,Plantae,Tracheophyta,Magnoliopsida,Ericales,Ericaceae,Erica,cinerea,Species,flaking.wildfires.tested,55.69697,-5.28394,WGS84,SCT,,Vegetation,ChloeC,Abundant,
25,SS-Veg-TS-139-2,SS-Veg-TS-139-2-27,HumanObservation,2026-09-13,Wet heath/acidic grassland mosaic,D6,Crossleaf Heather,Rare,0-5%,Erica tetralix,Plantae,Tracheophyta,Magnoliopsida,Ericales,Ericaceae,Erica,tetralix,Species,flaking.wildfires.tested,55.69697,-5.28394,WGS84,SCT,,Vegetation,ChloeC,Frequent,
25,SS-Veg-TS-139-2,SS-Veg-TS-139-2-28,HumanObservation,2026-09-13,Wet heath/acidic grassland mosaic,D6,Rhododendron,Frequent,15-30%,Rhododendron ponticum ,Plantae,Tracheophyta,Magnoliopsida,Ericales,Ericaceae,Rhododendron,ponticum,Species,flaking.wildfires.tested,55.69697,-5.28394,WGS84,SCT,,Vegetation,ChloeC,Occasional,
25,SS-Veg-TS-139-2,SS-Veg-TS-139-2-29,HumanObservation,2026-09-13,Wet heath/acidic grassland mosaic,D6,Fox glove,rare,0-5%,Digitalis purpurea,Plantae,Tracheophyta,Magnoliopsida,Lamiales,Plantaginaceae,Digitalis,purpurea,Species,flaking.wildfires.tested,55.69697,-5.28394,WGS84,SCT,,Vegetation,ChloeC,Rare,
25,SS-Veg-TS-139-2,SS-Veg-TS-139-2-30,HumanObservation,2026-09-13,Wet heath/acidic grassland mosaic,D6,Sweet vernal,Occasional,5-15%,Anthoxanthum odoratum,Plantae,Tracheophyta,Liliopsida,Poales,Poaceae,Anthoxanthum,odoratum,Species,flaking.wildfires.tested,55.69697,-5.28394,WGS84,SCT,,Vegetation,ChloeC,Dominant,
25,SS-Veg-TS-139-2,SS-Veg-TS-139-2-31,HumanObservation,2026-09-13,Wet heath/acidic grassland mosaic,D6,Mat grass,Occasional,5-15%,Nardus stricta,Plantae,Tracheophyta,Liliopsida,Poales,Poaceae,Nardus,stricta,Species,flaking.wildfires.tested,55.69697,-5.28394,WGS84,SCT,,Vegetation,ChloeC,Abundant,
1,SS-Veg-TS-139-2,SS-Veg-TS-139-2-32,HumanObservation,2026-09-13,Wet dwarf shrub heath,D2,Mat grass,Frequent,15-30%,Nardus stricta ,Plantae,Tracheophyta,Liliopsida,Poales,Poaceae,Nardus,stricta,Species,internal.runs.health,55.69665,-5.28394,WGS84,SCT,,Vegetation,ChloeC,Frequent,
1,SS-Veg-TS-139-2,SS-Veg-TS-139-2-33,HumanObservation,2026-09-13,Wet dwarf shrub heath,D2,Tufted Hair Grass,Abundant,30-50%,Deschampsia cespitosa,Plantae,Tracheophyta,Liliopsida,Poales,Poaceae,Deschampsia,cespitosa,Species,internal.runs.health,55.69665,-5.28394,WGS84,SCT,,Vegetation,ChloeC,Occasional,
1,SS-Veg-TS-139-2,SS-Veg-TS-139-2-34,HumanObservation,2026-09-13,Wet dwarf shrub heath,D2,Purple Moor Grass,Abundant,30-50%,Molinia caerulea,Plantae,Tracheophyta,Liliopsida,Poales,Poaceae,Molinia,caerulea,Species,internal.runs.health,55.69665,-5.28394,WGS84,SCT,,Vegetation,ChloeC,Rare,
1,SS-Veg-TS-139-2,SS-Veg-TS-139-2-35,HumanObservation,2026-09-13,Wet dwarf shrub heath,D2,Bell Heather,Frequent,15-30%,Erica cinerea,Plantae,Tracheophyta,Magnoliopsida,Ericales,Ericaceae,Erica,cinerea,Species,internal.runs.health,55.69665,-5.28394,WGS84,SCT,,Vegetation,ChloeC,Abundant,
1,SS-Veg-TS-139-2,SS-Veg-TS-139-2-36,HumanObservation,2026-09-13,Wet dwarf shrub heath,D2,Crossleaf Heather,Occasional,5-15%,Erica tetralix,Plantae,Tracheophyta,Magnoliopsida,Ericales,Ericaceae,Erica,tetralix,Species,internal.runs.health,55.69665,-5.28394,WGS84,SCT,,Vegetation,ChloeC,Frequent,
1,SS-Veg-TS-139-2,SS-Veg-TS-139-2-37,HumanObservation,2026-09-13,Wet dwarf shrub heath,D2,Hawthorne ,Occasional,5-15%,Crataegus monogyna,Plantae,Tracheophyta,Magnoliopsida,Rosales,Rosaceae,Crataegus,monogyna,Species,internal.runs.health,55.69665,-5.28394,WGS84,SCT,,Vegetation,ChloeC,Occasional,
1,SS-Veg-TS-139-2,SS-Veg-TS-139-2-38,HumanObservation,2026-09-13,Wet dwarf shrub heath,D2,Bracken ,Frequent,15-30%,Pteridium aquilinum,Plantae,Tracheophyta,Polypodiopsida,Polypodiales,Dennstaedtiaceae,Pteridium,aquilinum,Species,internal.runs.health,55.69665,-5.28394,WGS84,SCT,,Vegetation,ChloeC,Rare,
1,SS-Veg-TS-139-2,SS-Veg-TS-139-2-39,HumanObservation,2026-09-13,Wet dwarf shrub heath,D2,Soft rush,Occasional,5-15%,Juncus effusus,Plantae,Tracheophyta,Liliopsida,Poales,Juncaceae,Juncus,effusus,Species,internal.runs.health,55.69665,-5.28394,WGS84,SCT,,Vegetation,ChloeC,Dominant,
1,SS-Veg-TS-149-2,SS-Veg-TS-149-2-1,HumanObservation,2026-09-14,Wet dwarf shrub heath,D2,Purple Moor Grass,Abundant,30-50%,Molinia caerulea,Plantae,Tracheophyta,Liliopsida,Poales,Poaceae,Molinia,caerulea,Species,perfectly.isolating.kinds,55.69821,-5.28504,WGS84,SCT,,Vegetation,ChloeC,Abundant,
1,SS-Veg-TS-149-2,SS-Veg-TS-149-2-2,HumanObservation,2026-09-14,Wet dwarf shrub heath,D2,Fox glove,Occasional,5-15%,Digitalis purpurea,Plantae,Tracheophyta,Magnoliopsida,Lamiales,Plantaginaceae,Digitalis,purpurea,Species,perfectly.isolating.kinds,55.69821,-5.28504,WGS84,SCT,,Vegetation,ChloeC,Frequent,
1,SS-Veg-TS-149-2,SS-Veg-TS-149-2-3,HumanObservation,2026-09-14,Wet dwarf shrub heath,D2,Tufted Hair Grass,Occasional,5-15%,Deschampsia cespitosa,Plantae,Tracheophyta,Liliopsida,Poales,Poaceae,Deschampsia,cespitosa,Species,perfectly.isolating.kinds,55.69821,-5.28504,WGS84,SCT,,Vegetation,ChloeC,Occasional,
2,SS-Veg-TS-149-2,SS-Veg-TS-149-2-4,HumanObservation,2026-09-14,Marsh/marshy grassland,B5,Soft rush,Occasional,5-15%,Juncus effusus,Plantae,Tracheophyta,Liliopsida,Poales,Juncaceae,Juncus,effusus,Species,launch.riverside.kate,,,WGS84,SCT,,Vegetation,ChloeC,Rare,
2,SS-Veg-TS-149-2,SS-Veg-TS-149-2-5,HumanObservation,2026-09-14,Marsh/marshy grassland,B5,Rhododendron,Rare,0-5%,Rhododendron ponticum,Plantae,Tracheophyta,Magnoliopsida,Ericales,Ericaceae,Rhododendron,ponticum,Species,launch.riverside.kate,,,WGS84,SCT,,Vegetation,ChloeC,Dominant,
2,SS-Veg-TS-149-2,SS-Veg-TS-149-2-6,HumanObservation,2026-09-14,Marsh/marshy grassland,B5,Devils bit scabious,Rare,0-5%,Succisa pratensis,Plantae,Tracheophyta,Magnoliopsida,Dipsacales,Caprifoliaceae,Succisa,pratensis,Species,launch.riverside.kate,,,WGS84,SCT,,Vegetation,ChloeC,Abundant,
2,SS-Veg-TS-149-2,SS-Veg-TS-149-2-7,HumanObservation,2026-09-14,Marsh/marshy grassland,B5,Bell Heather,Occasional,5-15%,Erica cinerea,Plantae,Tracheophyta,Magnoliopsida,Ericales,Ericaceae,Erica,cinerea,Species,launch.riverside.kate,,,WGS84,SCT,,Vegetation,ChloeC,Frequent,
3,SS-Veg-TS-149-2,SS-Veg-TS-149-2-8,HumanObservation,2026-09-14,Continuous Bracken,C1,Bracken ,Dominant ,50-100%,Pteridium aquilinum,Plantae,Tracheophyta,Polypodiopsida,Polypodiales,Dennstaedtiaceae,Pteridium,aquilinum,Species,lemmings.earplugs.obviously,55.69811,-5.28557,WGS84,SCT,,Vegetation,ChloeC,Occasional,
4,SS-Veg-TS-149-2,SS-Veg-TS-149-2-9,HumanObservation,2026-09-14,Continuous Bracken,C1,Bracken ,Dominant ,50-100%,Pteridium aquilinum,Plantae,Tracheophyta,Polypodiopsida,Polypodiales,Dennstaedtiaceae,Pteridium,aquilinum,Species,including.back.bypasses,55.69776,-5.28571,WGS84,SCT,,Vegetation,ChloeC,Rare,
5,SS-Veg-TS-149-2,SS-Veg-TS-149-2-10,HumanObservation,2026-09-14,Acidic grassland,B1,Purple Moor Grass,Frequent,15-30%,Molinia caerulea,Plantae,Tracheophyta,Liliopsida,Poales,Poaceae,Molinia,caerulea,Species,securing.curries.complies,55.69786,-5.28605,WGS84,SCT,,Vegetation,ChloeC,Dominant,
5,SS-Veg-TS-149-2,SS-Veg-TS-149-2-11,HumanObservation,2026-09-14,Acidic grassland,B1,Soft rush,Occasional,5-15%,Juncus effusus,Plantae,Tracheophyta,Liliopsida,Poales,Juncaceae,Juncus,effusus,Species,securing.curries.complies,55.69786,-5.28605,WGS84,SCT,,Vegetation,ChloeC,Abundant,
5,SS-Veg-TS-149-2,SS-Veg-TS-149-2-12,HumanObservation,2026-09-14,Acidic grassland,B1,Mat grass,Abundant,30-50%,Nardus stricta,Plantae,Tracheophyta,Liliopsida,Poales,Poaceae,Nardus,stricta,Species,securing.curries.complies,55.69786,-5.28605,WGS84,SCT,,Vegetation,ChloeC,Frequent,
5,SS-Veg-TS-149-2,SS-Veg-TS-149-2-13,HumanObservation,2026-09-14,Acidic grassland,B1,Wavy-Hair Grass,Abundant,30-50%,Deschampsia flexuosa,Plantae,Tracheophyta,Liliopsida,Poales,Poaceae,Deschampsia,flexuosa,Species,securing.curries.complies,55.69786,-5.28605,WGS84,SCT,,Vegetation,ChloeC,Occasional,
5,SS-Veg-TS-149-2,SS-Veg-TS-149-2-14,HumanObservation,2026-09-14,Acidic grassland,B1,Bracken ,Rare,0-5%,Pteridium aquilinum,Plantae,Tracheophyta,Polypodiopsida,Polypodiales,Dennstaedtiaceae,Pteridium,aquilinum,Species,securing.curries.complies,55.69786,-5.28605,WGS84,SCT,,Vegetation,ChloeC,Rare,
5,SS-Veg-TS-149-2,SS-Veg-TS-149-2-15,HumanObservation,2026-09-14,Acidic grassland,B1,Hawthorne ,Rare,0-5%,Crataegus monogyna,Plantae,Tracheophyta,Magnoliopsida,Rosales,Rosaceae,Crataegus,monogyna,Species,securing.curries.complies,55.69786,-5.28605,WGS84,SCT,,Vegetation,ChloeC,Dominant,
5,SS-Veg-TS-149-2,SS-Veg-TS-149-2-16,HumanObservation,2026-09-14,Acidic grassland,B1,Bell Heather,Rare,0-5%,Erica cinerea,Plantae,Tracheophyta,Magnoliopsida,Ericales,Ericaceae,Erica,cinerea,Species,securing.curries.complies,55.69786,-5.28605,WGS84,SCT,,Vegetation,ChloeC,Abundant,
6,SS-Veg-TS-149-2,SS-Veg-TS-149-2-17,HumanObservation,2026-09-14,Marsh/marshy grassland,B5,Purple Moor Grass,Abundant,30-50%,Molinia caerulea,Plantae,Tracheophyta,Liliopsida,Poales,Poaceae,Molinia,caerulea,Species,villa.superhero.position,54.39286,-6.11461,WGS84,SCT,,Vegetation,ChloeC,Frequent,
6,SS-Veg-TS-149-2,SS-Veg-TS-149-2-18,HumanObservation,2026-09-14,Marsh/marshy grassland,B5,Heath rush,Abundant,30-50%,Juncus squarrosus,Plantae,Tracheophyta,Liliopsida,Poales,Juncaceae,Juncus,squarrosus,Species,villa.superhero.position,54.39286,-6.11461,WGS84,SCT,,Vegetation,ChloeC,Occasional,
6,SS-Veg-TS-149-2,SS-Veg-TS-149-2-19,HumanObservation,2026-09-14,Marsh/marshy grassland,B5,Mat grass,Occasional,5-15%,Nardus stricta,Plantae,Tracheophyta,Liliopsida,Poales,Poaceae,Nardus,Nardus stricta,Species,villa.superhero.position,54.39286,-6.11461,WGS84,SCT,,Vegetation,ChloeC,Rare,
6,SS-Veg-TS-149-2,SS-Veg-TS-149-2-20,HumanObservation,2026-09-14,Marsh/marshy grassland,B5,Meadow buttercup,Rare,0-5%,Ranunculus acris,Plantae,Tracheophyta,Magnoliopsida,Ranunculales,Ranunculaceae,Ranunculus,acris,Species,villa.superhero.position,54.39286,-6.11461,WGS84,SCT,,Vegetation,ChloeC,Dominant,
6,SS-Veg-TS-149-2,SS-Veg-TS-149-2-21,HumanObservation,2026-09-14,Marsh/marshy grassland,B5,Gallium,Occasional,5-15%,Galium saxatile,Plantae,Tracheophyta,Magnoliopsida,Gentianales,Rubiaceae,Galium,saxatile,Species,villa.superhero.position,54.39286,-6.11461,WGS84,SCT,,Vegetation,ChloeC,Abundant,
7,SS-Veg-TS-149-2,SS-Veg-TS-149-2-22,HumanObservation,2026-09-14,Acidic grassland,B1,Mat grass,Dominant ,50-100%,Nardus stricta,Plantae,Tracheophyta,Liliopsida,Poales,Poaceae,Nardus,stricta,Species,captive.finishes.generative,,,WGS84,SCT,,Vegetation,ChloeC,Frequent,
7,SS-Veg-TS-149-2,SS-Veg-TS-149-2-23,HumanObservation,2026-09-14,Acidic grassland,B1,Wavy hair grass,Occasional,15-30%,Deschampia flexuosa,Plantae,Tracheophyta,Liliopsida,Poales,Poaceae,Deschampsia,flexuosa,Species,captive.finishes.generative,,,WGS84,SCT,,Vegetation,ChloeC,Occasional,
7,SS-Veg-TS-149-2,SS-Veg-TS-149-2-24,HumanObservation,2026-09-14,Acidic grassland,B1,Purple Moor Grass,Rare,0-5%,Molinia caerulea,Plantae,Tracheophyta,Liliopsida,Poales,Poaceae,Molinia,caerulea,Species,captive.finishes.generative,,,WGS84,SCT,,Vegetation,ChloeC,Rare,
7,SS-Veg-TS-149-2,SS-Veg-TS-149-2-25,HumanObservation,2026-09-14,Acidic grassland,B1,Hawthorne ,Rare,0-5%,Crataegus monogyna,Plantae,Tracheophyta,Magnoliopsida,Rosales,Rosaceae,Crataegus,monogyna,Species,captive.finishes.generative,,,WGS84,SCT,,Vegetation,ChloeC,Dominant,
7,SS-Veg-TS-149-2,SS-Veg-TS-149-2-26,HumanObservation,2026-09-14,Acidic grassland,B1,Tufted Hair Grass,Rare,0-5%,Deschampsia cespitosa,Plantae,Tracheophyta,Liliopsida,Poales,Poaceae,Deschampsia,cespitosa,Species,captive.finishes.generative,,,WGS84,SCT,,Vegetation,ChloeC,Abundant,
8,SS-Veg-TS-149-2,SS-Veg-TS-149-2-27,HumanObservation,2026-09-14,Continuous Bracken,C1,Bracken ,Dominant ,50-100%,Pteridium aquilinum,Plantae,Tracheophyta,Polypodiopsida,Polypodiales,Dennstaedtiaceae,Pteridium,aquilinum,Species,physical.count.agreeable,55.6977,-5.28447,WGS84,SCT,,Vegetation,ChloeC,Frequent,
9,SS-Veg-TS-149-2,SS-Veg-TS-149-2-28,HumanObservation,2026-09-14,Wet dwarf shrub heath,D2,Fox glove,Occasional,5-15%,Digitalis purpurea,Plantae,Tracheophyta,Magnoliopsida,Lamiales,Plantaginaceae,Digitalis,purpurea,Species,jaundice.warns.mysteries,55.69749,-5.28437,WGS84,SCT,,Vegetation,ChloeC,Occasional,
9,SS-Veg-TS-149-2,SS-Veg-TS-149-2-29,HumanObservation,2026-09-14,Wet dwarf shrub heath,D2,Purple Moor Grass,Dominant ,50-100%,Molinia caerulea,Plantae,Tracheophyta,Liliopsida,Poales,Poaceae,Molinia,caerulea,Species,jaundice.warns.mysteries,55.69749,-5.28437,WGS84,SCT,,Vegetation,ChloeC,Rare,
9,SS-Veg-TS-149-2,SS-Veg-TS-149-2-30,HumanObservation,2026-09-14,Wet dwarf shrub heath,D2,Rhododendron,Abundant,30-50%,Rhododendron ponticum,Plantae,Tracheophyta,Magnoliopsida,Ericales,Ericaceae,Rhododendron,ponticum,Species,jaundice.warns.mysteries,55.69749,-5.28437,WGS84,SCT,,Vegetation,ChloeC,Dominant,
9,SS-Veg-TS-149-2,SS-Veg-TS-149-2-31,HumanObservation,2026-09-14,Wet dwarf shrub heath,D2,Moss,Dominant ,50-100%,Sphagnum spp.,Plantae,Bryophyta,Sphagnopsida,Sphagnales,Sphagnaceae,Sphagnum,N/A,Species,jaundice.warns.mysteries,55.69749,-5.28437,WGS84,SCT,,Vegetation,ChloeC,Abundant,
9,SS-Veg-TS-149-2,SS-Veg-TS-149-2-32,HumanObservation,2026-09-14,Wet dwarf shrub heath,D2,Bracken ,Rare,0-5%,Pteridium aquilinum,Plantae,Tracheophyta,Polypodiopsida,Polypodiales,Dennstaedtiaceae,Pteridium,aquilinum,Species,jaundice.warns.mysteries,55.69749,-5.28437,WGS84,SCT,,Vegetation,ChloeC,Frequent,
9,SS-Veg-TS-149-2,SS-Veg-TS-149-2-33,HumanObservation,2026-09-14,Wet dwarf shrub heath,D2,Soft rush,Rare,0-5%,Juncus effusus,Plantae,Tracheophyta,Liliopsida,Poales,Juncaceae,Juncus,effusus,Species,jaundice.warns.mysteries,55.69749,-5.28437,WGS84,SCT,,Vegetation,ChloeC,Occasional,
9,SS-Veg-TS-149-2,SS-Veg-TS-149-2-34,HumanObservation,2026-09-14,Wet dwarf shrub heath,D2,Bell Heather,Rare,0-5%,Erica cinerea,Plantae,Tracheophyta,Magnoliopsida,Ericales,Ericaceae,Erica,cinerea,Species,jaundice.warns.mysteries,55.69749,-5.28437,WGS84,SCT,,Vegetation,ChloeC,Rare,
9,SS-Veg-TS-149-2,SS-Veg-TS-149-2-35,HumanObservation,2026-09-14,Wet dwarf shrub heath,D2,Blaeberry,Occasional,5-15%,Vaccinium myrtillus,Plantae,Tracheophyta,Magnoliopsida,Ericales,Ericaceae,Vaccinium,myrtillus,Species,jaundice.warns.mysteries,55.69749,-5.28437,WGS84,SCT,,Vegetation,ChloeC,Dominant,
9,SS-Veg-TS-149-2,SS-Veg-TS-149-2-36,HumanObservation,2026-09-14,Wet dwarf shrub heath,D2,Mat grass ,Rare,0-5%,Nardus stricta,Plantae,Tracheophyta,Liliopsida,Poales,Poaceae,Nardus,stricta,Species,jaundice.warns.mysteries,55.69749,-5.28437,WGS84,SCT,,Vegetation,ChloeC,Abundant,
9,SS-Veg-TS-149-2,SS-Veg-TS-149-2-37,HumanObservation,2026-09-14,Wet dwarf shrub heath,D2,Crossleaf Heather,Rare,0-5%,Erica tetralix,Plantae,Tracheophyta,Magnoliopsida,Ericales,Ericaceae,Erica,tetralix,Species,jaundice.warns.mysteries,55.69749,-5.28437,WGS84,SCT,,Vegetation,ChloeC,Frequent,
10,SS-Veg-TS-149-2,SS-Veg-TS-149-2-38,HumanObservation,2026-09-14,Mosaic: Acidic grassland/marshy grassland,B1-B5,Soft rush,Frequent,15-30%,Juncus effusus,Plantae,Tracheophyta,Liliopsida,Poales,Juncaceae,Juncus,effusus,Species,minivans.nursery.whizzing,55.69687,-5.28509,WGS84,SCT,,Vegetation,ChloeC,Occasional,
10,SS-Veg-TS-149-2,SS-Veg-TS-149-2-39,HumanObservation,2026-09-14,Mosaic: Acidic grassland/marshy grassland,B1-B5,Wavy-Hair Grass,Dominant ,50-100%,Deschampsia flexuosa,Plantae,Tracheophyta,Liliopsida,Poales,Poaceae,Deschampsia,flexuosa,Species,minivans.nursery.whizzing,55.69687,-5.28509,WGS84,SCT,,Vegetation,ChloeC,Rare,
10,SS-Veg-TS-149-2,SS-Veg-TS-149-2-40,HumanObservation,2026-09-14,Mosaic: Acidic grassland/marshy grassland,B1-B5,Mat grass ,Abundant,30-50%,Nardus stricta,Plantae,Tracheophyta,Liliopsida,Poales,Poaceae,Nardus,stricta,Species,minivans.nursery.whizzing,55.69687,-5.28509,WGS84,SCT,,Vegetation,ChloeC,Dominant,
10,SS-Veg-TS-149-2,SS-Veg-TS-149-2-41,HumanObservation,2026-09-14,Mosaic: Acidic grassland/marshy grassland,B1-B5,Purple Moor Grass,Occasional,5-15%,Molinia caerulea,Plantae,Tracheophyta,Liliopsida,Poales,Poaceae,Molinia,caerulea,Species,minivans.nursery.whizzing,55.69687,-5.28509,WGS84,SCT,,Vegetation,ChloeC,Abundant,
10,SS-Veg-TS-149-2,SS-Veg-TS-149-2-42,HumanObservation,2026-09-14,Mosaic: Acidic grassland/marshy grassland,B1-B5,Fox glove,Rare,0-5%,Digitalis purpurea,Plantae,Tracheophyta,Magnoliopsida,Lamiales,Plantaginaceae,Digitalis,purpurea,Species,minivans.nursery.whizzing,55.69687,-5.28509,WGS84,SCT,,Vegetation,ChloeC,Frequent,
10,SS-Veg-TS-149-2,SS-Veg-TS-149-2-43,HumanObservation,2026-09-14,Mosaic: Acidic grassland/marshy grassland,B1-B5,Moss,Occasional,5-15%,Sphagnum spp.,Plantae,Bryophyta,Sphagnopsida,Sphagnales,Sphagnaceae,Sphagnum,N/A,Species,minivans.nursery.whizzing,55.69687,-5.28509,WGS84,SCT,,Vegetation,ChloeC,Occasional,
10,SS-Veg-TS-149-2,SS-Veg-TS-149-2-44,HumanObservation,2026-09-14,Mosaic: Acidic grassland/marshy grassland,B1-B5,Bell Heather,Rare,0-5%,Erica cinerea,Plantae,Tracheophyta,Magnoliopsida,Ericales,Ericaceae,Erica,cinerea,Species,minivans.nursery.whizzing,55.69687,-5.28509,WGS84,SCT,,Vegetation,ChloeC,Rare,
11,SS-Veg-TS-149-2,SS-Veg-TS-149-2-45,HumanObservation,2026-09-14,Wet modified bog,E1.7,Bell Heather,Dominant ,50-100%,Erica cinerea,Plantae,Tracheophyta,Magnoliopsida,Ericales,Ericaceae,Erica,cinerea,Species,wildfires.weeks.paint,55.69676,-5.28499,WGS84,SCT,,Vegetation,ChloeC,Dominant,
11,SS-Veg-TS-149-2,SS-Veg-TS-149-2-46,HumanObservation,2026-09-14,Wet modified bog,E1.7,Soft rush,Rare,0-5%,Juncus effusus,Plantae,Tracheophyta,Liliopsida,Poales,Juncaceae,Juncus,effusus,Species,wildfires.weeks.paint,55.69676,-5.28499,WGS84,SCT,,Vegetation,ChloeC,Abundant,
11,SS-Veg-TS-149-2,SS-Veg-TS-149-2-47,HumanObservation,2026-09-14,Wet modified bog,E1.7,Fox glove,Rare,0-5%,Digitalis purpurea,Plantae,Tracheophyta,Magnoliopsida,Lamiales,Plantaginaceae,Digitalis,purpurea,Species,wildfires.weeks.paint,55.69676,-5.28499,WGS84,SCT,,Vegetation,ChloeC,Frequent,
11,SS-Veg-TS-149-2,SS-Veg-TS-149-2-48,HumanObservation,2026-09-14,Wet modified bog,E1.7,Mat grass,Dominant ,50-100%,Nardus stricta ,Plantae,Tracheophyta,Liliopsida,Poales,Poaceae,Nardus,stricta,Species,wildfires.weeks.paint,55.69676,-5.28499,WGS84,SCT,,Vegetation,ChloeC,Occasional,
11,SS-Veg-TS-149-2,SS-Veg-TS-149-2-49,HumanObservation,2026-09-14,Wet modified bog,E1.7,Moss,Dominant ,50-100%,Sphagnum spp.,Plantae,Bryophyta,Sphagnopsida,Sphagnales,Sphagnaceae,Sphagnum,N/A,Species,wildfires.weeks.paint,55.69676,-5.28499,WGS84,SCT,,Vegetation,ChloeC,Rare,
11,SS-Veg-TS-149-2,SS-Veg-TS-149-2-50,HumanObservation,2026-09-14,Wet modified bog,E1.7,Purple Moor Grass,Dominant ,50-100%,Molinia caerulea,Plantae,Tracheophyta,Liliopsida,Poales,Poaceae,Molinia,caerulea,Species,wildfires.weeks.paint,55.69676,-5.28499,WGS84,SCT,,Vegetation,ChloeC,Dominant,
12,SS-Veg-TS-149-2,SS-Veg-TS-149-2-51,HumanObservation,2026-09-14,Continuous Bracken,C1,Bracken ,Dominant ,50-100%,Pteridium aquilinum,Plantae,Tracheophyta,Polypodiopsida,Polypodiales,Dennstaedtiaceae,Pteridium,aquilinum,Species,recruiter.vampire.learns,55.69635,-5.28499,WGS84,SCT,,Vegetation,ChloeC,Abundant,
13,SS-Veg-TS-149-2,SS-Veg-TS-149-2-52,HumanObservation,2026-09-14,Continuous Bracken,C1,Bracken ,Dominant ,50-100%,Pteridium aquilinum,Plantae,Tracheophyta,Polypodiopsida,Polypodiales,Dennstaedtiaceae,Pteridium,aquilinum,Species,gobbles.slides.sues,55.69643,-5.28452,WGS84,SCT,,Vegetation,ChloeC,Frequent,
14,SS-Veg-TS-149-2,SS-Veg-TS-149-2-53,HumanObservation,2026-09-14,Marsh/marshy grassland,B5,Heath rush,Occasional,5-15%,Juncus squarrosus,Plantae,Tracheophyta,Liliopsida,Poales,Juncaceae,Juncus,squarrosus,Species,scarred.disgraced.static,55.69619,-5.28466,WGS84,SCT,,Vegetation,ChloeC,Occasional,
14,SS-Veg-TS-149-2,SS-Veg-TS-149-2-54,HumanObservation,2026-09-14,Marsh/marshy grassland,B5,Crossleaf Heather,Abundant,30-50%,Erica tetralix,Plantae,Tracheophyta,Magnoliopsida,Ericales,Ericaceae,Erica,tetralix,Species,scarred.disgraced.static,55.69619,-5.28466,WGS84,SCT,,Vegetation,ChloeC,Rare,
14,SS-Veg-TS-149-2,SS-Veg-TS-149-2-55,HumanObservation,2026-09-14,Marsh/marshy grassland,B5,Rhododendron,Frequent,15-30%,Rhododendron ponticum,Plantae,Tracheophyta,Magnoliopsida,Ericales,Ericaceae,Rhododendron,ponticum,Species,scarred.disgraced.static,55.69619,-5.28466,WGS84,SCT,,Vegetation,ChloeC,Dominant,
14,SS-Veg-TS-149-2,SS-Veg-TS-149-2-56,HumanObservation,2026-09-14,Marsh/marshy grassland,B5,Hawthorne ,Rare,0-5%,Crataegus monogyna,Plantae,Tracheophyta,Magnoliopsida,Rosales,Rosaceae,Crataegus,monogyna,Species,scarred.disgraced.static,55.69619,-5.28466,WGS84,SCT,,Vegetation,ChloeC,Abundant,
14,SS-Veg-TS-149-2,SS-Veg-TS-149-2-57,HumanObservation,2026-09-14,Marsh/marshy grassland,B5,Bell Heather,Dominant ,50-100%,Erica cinerea,Plantae,Tracheophyta,Magnoliopsida,Ericales,Ericaceae,Erica,cinerea,Species,scarred.disgraced.static,55.69619,-5.28466,WGS84,SCT,,Vegetation,ChloeC,Frequent,
15,SS-Veg-TS-149-2,SS-Veg-TS-149-2-58,HumanObservation,2026-09-14,Continuous Bracken,C1,Bracken ,Dominant ,50-100%,Pteridium aquilinum,Plantae,Tracheophyta,Polypodiopsida,Polypodiales,Dennstaedtiaceae,Pteridium,aquilinum,Species,signified.cafe.frickling,,,WGS84,SCT,,Vegetation,ChloeC,Occasional,
16,SS-Veg-TS-159-3,SS-Veg-TS-159-3-1,HumanObservation,2026-09-15,Acidic grassland,B1,Common bent,Abundant,,Agrostis capillaris,Plantae,Tracheophyta,Liliopsida,Poales,Poaceae,Agrostis,capillaris,Species,///labs.dwarf.closed,55.69991,-5.28375,WGS84,SCT,"Heavy sheep scat, Deschampia flexuosa and Nardus stritca predominate ",Vegetation,XiuhM,Rare,
16,SS-Veg-TS-159-3,SS-Veg-TS-159-3-2,HumanObservation,2026-09-15,Acidic grassland,B1,Wavy hair grass,Abundant,,Deschampsia flexuosa,Plantae,Tracheophyta,Liliopsida,Poales,Poaceae,Avenella,flexuosa,Species,///labs.dwarf.closed,55.69991,-5.28375,WGS84,SCT,,Vegetation,XiuhM,Dominant,
16,SS-Veg-TS-159-3,SS-Veg-TS-159-3-3,HumanObservation,2026-09-15,Acidic grassland,B1,Mat grass,Abundant,,Nardus stricta,Plantae,Tracheophyta,Liliopsida,Poales,Poaceae,Nardus,stricta,Species,///labs.dwarf.closed,55.69991,-5.28375,WGS84,SCT,,Vegetation,XiuhM,Abundant,
16,SS-Veg-TS-159-3,SS-Veg-TS-159-3-4,HumanObservation,2026-09-15,Acidic grassland,B1,Glaucous sedge,Frequent,,Carex flacca,Plantae,Tracheophyta,Liliopsida,Poales,Cyperaceae,Carex,flacca,Species,///labs.dwarf.closed,55.69991,-5.28375,WGS84,SCT,,Vegetation,XiuhM,Frequent,
16,SS-Veg-TS-159-3,SS-Veg-TS-159-3-5,HumanObservation,2026-09-15,Acidic grassland,B1,Crested dog's tail ,Frequent,,Cynosurus cristatus,Plantae,Tracheophyta,Liliopsida,Poales,Poaceae,Cynosurus,cristatus,Species,///labs.dwarf.closed,55.69991,-5.28375,WGS84,SCT,,Vegetation,XiuhM,Occasional,
16,SS-Veg-TS-159-3,SS-Veg-TS-159-3-6,HumanObservation,2026-09-15,Acidic grassland,B1,Soft rush,Rare,,Juncus effusus,Plantae,Tracheophyta,Liliopsida,Poales,Juncaceae,Juncus,effusus,Species,///labs.dwarf.closed,55.69991,-5.28375,WGS84,SCT,,Vegetation,XiuhM,Rare,
17,SS-Veg-TS-159-3,SS-Veg-TS-159-3-7,HumanObservation,2026-09-15,Marsh/marshy grassland,B5,Soft rush,Dominant ,,Juncus effusus,Plantae,Tracheophyta,Liliopsida,Poales,Juncaceae,Juncus,effusus,Species,///clocking.verbs.eyepieces,55.69962,-5.28404,WGS84,SCT,"Heavy sheep scat, Juncus effusus dominates, Deschampsia cespitosa abundant, Rhododendron present/ rare",Vegetation,XiuhM,Dominant,
17,SS-Veg-TS-159-3,SS-Veg-TS-159-3-8,HumanObservation,2026-09-15,Marsh/marshy grassland,B5,Tufted hair grass,Abundant,,Deschampsia cespitosa,Plantae,Tracheophyta,Liliopsida,Poales,Poaceae,Deschampsia,cespitosa,Species,///clocking.verbs.eyepieces,55.69962,-5.28404,WGS84,SCT,,Vegetation,XiuhM,Abundant,
17,SS-Veg-TS-159-3,SS-Veg-TS-159-3-9,HumanObservation,2026-09-15,Marsh/marshy grassland,B5,Common bent ,Rare,,Agrostis capillaris,Plantae,Tracheophyta,Liliopsida,Poales,Poaceae,Agrostis,capillaris,Species,///clocking.verbs.eyepieces,55.69962,-5.28404,WGS84,SCT,,Vegetation,XiuhM,Frequent,
17,SS-Veg-TS-159-3,SS-Veg-TS-159-3-10,HumanObservation,2026-09-15,Marsh/marshy grassland,B5,Moss,Rare,,Sphagnum spp.,Plantae,Bryophyta,Sphagnopsida,Sphagnales,Sphagnaceae,Sphagnum,N/A,Genus,///clocking.verbs.eyepieces,55.69962,-5.28404,WGS84,SCT,,Vegetation,XiuhM,Occasional,
17,SS-Veg-TS-159-3,SS-Veg-TS-159-3-11,HumanObservation,2026-09-15,Marsh/marshy grassland,B5,Crested dog's tail ,Rare,,Cynosurus cristatus,Plantae,Tracheophyta,Liliopsida,Poales,Poaceae,Cynosurus,cristatus,Species,///clocking.verbs.eyepieces,55.69962,-5.28404,WGS84,SCT,,Vegetation,XiuhM,Rare,
18,SS-Veg-TS-159-3,SS-Veg-TS-159-3-12,HumanObservation,2026-09-15,Continuous Bracken,C1,Bracken,Dominant ,,Pteridium aquilinum,Plantae,Tracheophyta,Polypodiopsida,Polypodiales,Dennstaedtiaceae,Pteridium,aquilinum,Species,///blatantly.skirt.agents,55.69945,-5.28437,WGS84,SCT,"Pterdium aquilinum predominates, Rhododendron present/rare",Vegetation,XiuhM,Dominant,
18,SS-Veg-TS-159-3,SS-Veg-TS-159-3-13,HumanObservation,2026-09-15,Continuous Bracken,C1,Soft rush,Rare,,Juncus effusus,Plantae,Tracheophyta,Liliopsida,Poales,Juncaceae,Juncus,effusus,Species,///blatantly.skirt.agents,55.69945,-5.28437,WGS84,SCT,,Vegetation,XiuhM,Abundant,
18,SS-Veg-TS-159-3,SS-Veg-TS-159-3-14,HumanObservation,2026-09-15,Continuous Bracken,C1,Silver birch ,Rare,,Betula pendula,Plantae,Tracheophyta,Magnoliopsida,Fagales,Betulaceae,Betula,pendula,Species,///blatantly.skirt.agents,55.69945,-5.28437,WGS84,SCT,,Vegetation,XiuhM,Frequent,
18,SS-Veg-TS-159-3,SS-Veg-TS-159-3-15,HumanObservation,2026-09-15,Continuous Bracken,C1,Rowan,Rare,,Sorbus aucuparia,Plantae,Tracheophyta,Magnoliopsida,Rosales,Rosaceae,Sorbus,aucuparia,Species,///blatantly.skirt.agents,55.69945,-5.28437,WGS84,SCT,,Vegetation,XiuhM,Occasional,
18,SS-Veg-TS-159-3,SS-Veg-TS-159-3-16,HumanObservation,2026-09-15,Continuous Bracken,C1,Rhododedron,Rare,,Rhododendron ponticum ,Plantae,Tracheophyta,Magnoliopsida,Ericales,Ericaceae,Rhododendron,ponticum,Species,///blatantly.skirt.agents,55.69945,-5.28437,WGS84,SCT,,Vegetation,XiuhM,Rare,
19,SS-Veg-TS-159-3,SS-Veg-TS-159-3-17,HumanObservation,2026-09-15,Neutral grassland?,B2,Common bent ,Frequent,,Agrostis capillaris,Plantae,Tracheophyta,Liliopsida,Poales,Poaceae,Agrostis,capillaris,Species,///driving.rectangular.either,55.69918,-5.28428,WGS84,SCT,"Heavy deer and sheep scat, poor species assemblage, Deschampsia cespitosa frequent",Vegetation,XiuhM,Dominant,
19,SS-Veg-TS-159-3,SS-Veg-TS-159-3-18,HumanObservation,2026-09-15,Neutral grassland,B2,Tufted hair grass,Frequent,,Deschampsia cespitosa,Plantae,Tracheophyta,Liliopsida,Poales,Poaceae,Deschampsia,cespitosa,Species,///driving.rectangular.either,55.69918,-5.28428,WGS84,SCT,,Vegetation,XiuhM,Abundant,
19,SS-Veg-TS-159-3,SS-Veg-TS-159-3-19,HumanObservation,2026-09-15,Neutral grassland,B2,Sweet vernal grass,Occasional,,Anthoxanthum odoratum ,Plantae,Tracheophyta,Liliopsida,Poales,Poaceae,Anthoxanthum,odoratum,Species,///driving.rectangular.either,55.69918,-5.28428,WGS84,SCT,,Vegetation,XiuhM,Frequent,
19,SS-Veg-TS-159-3,SS-Veg-TS-159-3-20,HumanObservation,2026-09-15,Neutral grassland,B2,Soft rush,Rare,,Juncus effusus,Plantae,Tracheophyta,Liliopsida,Poales,Juncaceae,Juncus,effusus,Species,///driving.rectangular.either,55.69918,-5.28428,WGS84,SCT,,Vegetation,XiuhM,Occasional,
19,SS-Veg-TS-159-3,SS-Veg-TS-159-3-21,HumanObservation,2026-09-15,Neutral grassland,B2,Marsh thistle,Rare,,Cirsium palustre,Plantae,Tracheophyta,Magnoliopsida,Asterales,Asteraceae,Cirsium,palustre,Species,///driving.rectangular.either,55.69918,-5.28428,WGS84,SCT,,Vegetation,XiuhM,Rare,
19,SS-Veg-TS-159-3,SS-Veg-TS-159-3-22,HumanObservation,2026-09-15,Neutral grassland,B2,Heath rush,Rare,,Juncus squarrosus,Plantae,Tracheophyta,Liliopsida,Poales,Juncaceae,Juncus,squarrosus,Species,///driving.rectangular.either,55.69918,-5.28428,WGS84,SCT,,Vegetation,XiuhM,Dominant,
19,SS-Veg-TS-159-3,SS-Veg-TS-159-3-23,HumanObservation,2026-09-15,Neutral grassland,B2,Bird's foot trefoil,Rare,,Lotus corniculatus,Plantae,Tracheophyta,Magnoliopsida,Fabales,Fabaceae,Lotus,corniculatus,Species,///driving.rectangular.either,55.69918,-5.28428,WGS84,SCT,,Vegetation,XiuhM,Abundant,
19,SS-Veg-TS-159-3,SS-Veg-TS-159-3-24,HumanObservation,2026-09-15,Neutral grassland,B2,Mat grass ,Rare,,Nardus stricta,Plantae,Tracheophyta,Liliopsida,Poales,Poaceae,Nardus,stricta,Species,///driving.rectangular.either,55.69918,-5.28428,WGS84,SCT,,Vegetation,XiuhM,Frequent,
20,SS-Veg-TS-159-3,SS-Veg-TS-159-3-25,HumanObservation,2026-09-15,Acidic grassland,B1,Heath rush,Abundant,,Juncus squarrosus,Plantae,Tracheophyta,Liliopsida,Poales,Juncaceae,Juncus,squarrosus,Species,///wrong.daffodils.coast,55.69878,-5.28356,WGS84,SCT,"Juncus squarrosus and Nardus stricta abundant, rhododendron present/rare, medium sheep and deer scat",Vegetation,XiuhM,Occasional,
20,SS-Veg-TS-159-3,SS-Veg-TS-159-3-26,HumanObservation,2026-09-15,Acidic grassland,B1,Mat grass ,Abundant,,Nardus stricta,Plantae,Tracheophyta,Liliopsida,Poales,Poaceae,Nardus,Stricta,Species,///wrong.daffodils.coast,55.69878,-5.28356,WGS84,SCT,,Vegetation,XiuhM,Rare,
20,SS-Veg-TS-159-3,SS-Veg-TS-159-3-27,HumanObservation,2026-09-15,Acidic grassland,B1,Crested dog's tail ,Abundant,,Cynosurus cristatus,Plantae,Tracheophyta,Liliopsida,Poales,Poaceae,Cynosurus,cristatus,Species,///wrong.daffodils.coast,55.69878,-5.28356,WGS84,SCT,,Vegetation,XiuhM,Dominant,
20,SS-Veg-TS-159-3,SS-Veg-TS-159-3-28,HumanObservation,2026-09-15,Acidic grassland,B1,Glaucous sedge,Abundant,,Carex flacca,Plantae,Tracheophyta,Liliopsida,Poales,Cyperaceae,Carex,flacca,Species,///wrong.daffodils.coast,55.69878,-5.28356,WGS84,SCT,,Vegetation,XiuhM,Abundant,
20,SS-Veg-TS-159-3,SS-Veg-TS-159-3-29,HumanObservation,2026-09-15,Acidic grassland,B1,Sweet vernal grass,Abundant,,Anthoxanthum odoratum ,Plantae,Tracheophyta,Liliopsida,Poales,Poaceae,Anthoxanthum,odoratum,Species,///wrong.daffodils.coast,55.69878,-5.28356,WGS84,SCT,,Vegetation,XiuhM,Frequent,
20,SS-Veg-TS-159-3,SS-Veg-TS-159-3-30,HumanObservation,2026-09-15,Acidic grassland,B1,Common bent ,Abundant ,,Agrostis capillaris,Plantae,Tracheophyta,Liliopsida,Poales,Poaceae,Agrostis,capillaris,Species,///wrong.daffodils.coast,55.69878,-5.28356,WGS84,SCT,,Vegetation,XiuhM,Occasional,
20,SS-Veg-TS-159-3,SS-Veg-TS-159-3-31,HumanObservation,2026-09-15,Acidic grassland,B1,Rhododedron,Rare,,Rhododendron ponticum ,Plantae,Tracheophyta,Magnoliopsida,Ericales,Ericaceae,Rhododendron,ponticum,Species,///wrong.daffodils.coast,55.69878,-5.28356,WGS84,SCT,,Vegetation,XiuhM,Rare,
20,SS-Veg-TS-159-3,SS-Veg-TS-159-3-32,HumanObservation,2026-09-15,Acidic grassland,B1,Marsh thistle,Rare,,Cirsium palustre,Plantae,Tracheophyta,Magnoliopsida,Asterales,Asteraceae,Cirsium,palustre,Species,///wrong.daffodils.coast,55.69878,-5.28356,WGS84,SCT,,Vegetation,XiuhM,Dominant,
21,SS-Veg-TS-159-3,SS-Veg-TS-159-3-33,HumanObservation,2026-09-15,Marsh/marshy grassland,B5,Heath rush,Dominant ,,Juncus squarrosus,Plantae,Tracheophyta,Liliopsida,Poales,Juncaceae,Juncus,squarrosus,Species,///distilled.season.flux,55.69867,-5.28341,WGS84,SCT,"Medium sheep scat, Juncus squarrosus and Molinia caerulea predominate, some broadleaved herbs present",Vegetation,XiuhM,Abundant,
21,SS-Veg-TS-159-3,SS-Veg-TS-159-3-34,HumanObservation,2026-09-15,Marsh/marshy grassland,B5,Purple moor grass,Dominant ,,Molinia caerulea,Plantae,Tracheophyta,Liliopsida,Poales,Poaceae,Molinia,caerulea,Species,///distilled.season.flux,55.69867,-5.28341,WGS84,SCT,,Vegetation,XiuhM,Frequent,
21,SS-Veg-TS-159-3,SS-Veg-TS-159-3-35,HumanObservation,2026-09-15,Marsh/marshy grassland,B5,Devil's bit scabious,Occasional,,Succisa pratensis,Plantae,Tracheophyta,Magnoliopsida,Dipsacales,Caprifoliaceae,Succisa,pratensis,Species,///distilled.season.flux,55.69867,-5.28341,WGS84,SCT,,Vegetation,XiuhM,Occasional,
21,SS-Veg-TS-159-3,SS-Veg-TS-159-3-36,HumanObservation,2026-09-15,Marsh/marshy grassland,B5,Yellow Iris,Occasional,,Iris pseudacorus,Plantae,Tracheophyta,Liliopsida,Asparagales,Iridaceae,Iris,pseudacorus,Species,///distilled.season.flux,55.69867,-5.28341,WGS84,SCT,,Vegetation,XiuhM,Rare,
21,SS-Veg-TS-159-3,SS-Veg-TS-159-3-37,HumanObservation,2026-09-15,Marsh/marshy grassland,B5,Bird's foot trefoil,Rare,,Lotus corniculatus,Plantae,Tracheophyta,Magnoliopsida,Fabales,Fabaceae,Lotus,corniculatus,Species,///distilled.season.flux,55.69867,-5.28341,WGS84,SCT,,Vegetation,XiuhM,Dominant,
22,SS-Veg-TS-159-3,SS-Veg-TS-159-3-38,HumanObservation,2026-09-15,Acidic grassland,B1,Mat grass ,Dominant ,,Nardus stricta,Plantae,Tracheophyta,Liliopsida,Poales,Poaceae,Nardus,stricta,Species,///pronouns.camp.ramble,55.69832,-5.28265,WGS84,SCT,"Nardus stricta and Deschampsia flexuosa dominate, Sphagnum moss occasional, Molinia caerulea rare, heavy deer and sheep scat",Vegetation,XiuhM,Abundant,
22,SS-Veg-TS-159-3,SS-Veg-TS-159-3-39,HumanObservation,2026-09-15,Acidic grassland,B1,Sweet vernal grass,Dominant ,,Anthoxanthum odoratum ,Plantae,Tracheophyta,Liliopsida,Poales,Poaceae,Anthoxanthum,odoratum,Species,///pronouns.camp.ramble,55.69832,-5.28265,WGS84,SCT,,Vegetation,XiuhM,Frequent,
22,SS-Veg-TS-159-3,SS-Veg-TS-159-3-40,HumanObservation,2026-09-15,Acidic grassland,B1,Wavy hair grass,Abundant ,,Deschampsia flexuosa,Plantae,Tracheophyta,Liliopsida,Poales,Poaceae,Avenella,flexuosa,Species,///pronouns.camp.ramble,55.69832,-5.28265,WGS84,SCT,,Vegetation,XiuhM,Occasional,
22,SS-Veg-TS-159-3,SS-Veg-TS-159-3-41,HumanObservation,2026-09-15,Acidic grassland,B1,Common bent ,Abundant ,,Agrostis capillaris,Plantae,Tracheophyta,Liliopsida,Poales,Poaceae,Agrostis,capillaris,Species,///pronouns.camp.ramble,55.69832,-5.28265,WGS84,SCT,,Vegetation,XiuhM,Rare,
22,SS-Veg-TS-159-3,SS-Veg-TS-159-3-42,HumanObservation,2026-09-15,Acidic grassland,B1,Moss,Occasional,,Sphagnum spp.,Plantae,Bryophyta,Sphagnopsida,Sphagnales,Sphagnaceae,Sphagnum,N/A,Genus,///pronouns.camp.ramble,55.69832,-5.28265,WGS84,SCT,,Vegetation,XiuhM,Dominant,
22,SS-Veg-TS-159-3,SS-Veg-TS-159-3-43,HumanObservation,2026-09-15,Acidic grassland,B1,Crested dog's tail ,Rare,,Cynosurus cristatus,Plantae,Tracheophyta,Liliopsida,Poales,Poaceae,Cynosurus,cristatus,Species,///pronouns.camp.ramble,55.69832,-5.28265,WGS84,SCT,,Vegetation,XiuhM,Abundant,
22,SS-Veg-TS-159-3,SS-Veg-TS-159-3-44,HumanObservation,2026-09-15,Acidic grassland,B1,Purple moor grass,Rare,,Molinia caerulea,Plantae,Tracheophyta,Liliopsida,Poales,Poaceae,Molinia,caerulea,Species,///pronouns.camp.ramble,55.69832,-5.28265,WGS84,SCT,,Vegetation,XiuhM,Frequent,
23,SS-Veg-TS-159-3,SS-Veg-TS-159-3-45,HumanObservation,2026-09-15,Acidic grassland,B1,Mat grass ,Abundant,,Nardus stricta ,Plantae,Tracheophyta,Liliopsida,Poales,Poaceae,Nardus,stricta,Species,///began.flagged.rave,55.69829,-5.28351,WGS84,SCT,"Nardus stricta abundant, Deschampsia cespitosa frequent, Juncus squarrosus occasional, Juncus effesus rare, Urtica dioca rare",Vegetation,XiuhM,Occasional,
23,SS-Veg-TS-159-3,SS-Veg-TS-159-3-46,HumanObservation,2026-09-15,Acidic grassland,B1,Sweet vernal grass,Abundant,,Anthoxanthum odoratum ,Plantae,Tracheophyta,Liliopsida,Poales,Poaceae,Anthoxanthum,odoratum,Species,///began.flagged.rave,55.69829,-5.28351,WGS84,SCT,,Vegetation,XiuhM,Rare,
23,SS-Veg-TS-159-3,SS-Veg-TS-159-3-47,HumanObservation,2026-09-15,Acidic grassland,B1,Tufted hair grass,Frequent,,Deschampsia cespitosa,Plantae,Tracheophyta,Liliopsida,Poales,Poaceae,Deschampsia,cespitosa,Species,///began.flagged.rave,55.69829,-5.28351,WGS84,SCT,,Vegetation,XiuhM,Dominant,
23,SS-Veg-TS-159-3,SS-Veg-TS-159-3-48,HumanObservation,2026-09-15,Acidic grassland,B1,Common bent ,Frequent,,Agrostis capillaris,Plantae,Tracheophyta,Liliopsida,Poales,Poaceae,Agrostis,capillaris,Species,///began.flagged.rave,55.69829,-5.28351,WGS84,SCT,,Vegetation,XiuhM,Abundant,
23,SS-Veg-TS-159-3,SS-Veg-TS-159-3-49,HumanObservation,2026-09-15,Acidic grassland,B1,Glaucous sedge,Occasional,,Carex flacca,Plantae,Tracheophyta,Liliopsida,Poales,Cyperaceae,Carex,flacca,Species,///began.flagged.rave,55.69829,-5.28351,WGS84,SCT,,Vegetation,XiuhM,Frequent,
23,SS-Veg-TS-159-3,SS-Veg-TS-159-3-50,HumanObservation,2026-09-15,Acidic grassland,B1,Heath rush,Occasional,,Juncus squarrosus,Plantae,Tracheophyta,Liliopsida,Poales,Juncaceae,Juncus,squarrosus,Species,///began.flagged.rave,55.69829,-5.28351,WGS84,SCT,,Vegetation,XiuhM,Occasional,
23,SS-Veg-TS-159-3,SS-Veg-TS-159-3-51,HumanObservation,2026-09-15,Acidic grassland,B1,Stining nettle,Rare,,Urtica dioica,Plantae,Tracheophyta,Magnoliopsida,Rosales,Urticaceae,Urtica,dioica,Species,///began.flagged.rave,55.69829,-5.28351,WGS84,SCT,,Vegetation,XiuhM,Rare,
23,SS-Veg-TS-159-3,SS-Veg-TS-159-3-52,HumanObservation,2026-09-15,Acidic grassland,B1,Soft rush,Rare,,Juncus effusus,Plantae,Tracheophyta,Liliopsida,Poales,Juncaceae,Juncus,effusus,Species,///began.flagged.rave,55.69829,-5.28351,WGS84,SCT,,Vegetation,XiuhM,Dominant,
23,SS-Veg-TS-159-3,SS-Veg-TS-159-3-53,HumanObservation,2026-09-15,Acidic grassland,B1,Hawthorn,Rare,,Crataegus monogyna,Plantae,Tracheophyta,Magnoliopsida,Rosales,Rosaceae,Crataegus,monogyna,Species,///began.flagged.rave,55.69829,-5.28351,WGS84,SCT,,Vegetation,XiuhM,Abundant,
23,SS-Veg-TS-159-3,SS-Veg-TS-159-3-54,HumanObservation,2026-09-15,Acidic grassland,B1,Crested dog's tail ,Rare,,Cynosurus cristatus,Plantae,Tracheophyta,Liliopsida,Poales,Poaceae,Cynosurus,cristatus,Species,///began.flagged.rave,55.69829,-5.28351,WGS84,SCT,,Vegetation,XiuhM,Frequent,
23,SS-Veg-TS-159-3,SS-Veg-TS-159-3-55,HumanObservation,2026-09-15,Acidic grassland,B1,Marsh thistle,Rare,,Cirsium palustre,Plantae,Tracheophyta,Magnoliopsida,Asterales,Asteraceae,Cirsium,palustre,Species,///began.flagged.rave,55.69829,-5.28351,WGS84,SCT,,Vegetation,XiuhM,Occasional,
24,SS-Veg-TS-159-3,SS-Veg-TS-159-3-56,HumanObservation,2026-09-15,Scrub,A2,Common gorse,Dominant/ Abundant,,Ulex europaeus,Plantae,Tracheophyta,Magnoliopsida,Fabales,Fabaceae,Ulex,europaeus,Species,///organist.curry.slot,55.69832,-5.28389,WGS84,SCT,"Ulex europaeus dominates, stands of Rubus fruticosus, Crataegus monogyna and other broadleaved trees, Fraxinus excelsior w/ ash dieback, injurious weed ragwort",Vegetation,XiuhM,Rare,
24,SS-Veg-TS-159-3,SS-Veg-TS-159-3-57,HumanObservation,2026-09-15,Scrub,A2,Hawthorn,Frequent,,Crataegus monogyna,Plantae,Tracheophyta,Magnoliopsida,Rosales,Rosaceae,Crataegus,monogyna,Species,///organist.curry.slot,55.69832,-5.28389,WGS84,SCT,,Vegetation,XiuhM,Dominant,
24,SS-Veg-TS-159-3,SS-Veg-TS-159-3-58,HumanObservation,2026-09-15,Scrub,A2,Rowan,Occasional,,Sorbus aucuparia,Plantae,Tracheophyta,Magnoliopsida,Rosales,Rosaceae,Sorbus,aucuparia,Species,///organist.curry.slot,55.69832,-5.28389,WGS84,SCT,,Vegetation,XiuhM,Abundant,
24,SS-Veg-TS-159-3,SS-Veg-TS-159-3-59,HumanObservation,2026-09-15,Scrub,A2,Bramble,Frequent,,Rubus fruticosus,Plantae,Tracheophyta,Magnoliopsida,Rosales,Rosaceae,Rubus,fruticosus,Species,///organist.curry.slot,55.69832,-5.28389,WGS84,SCT,,Vegetation,XiuhM,Frequent,
24,SS-Veg-TS-159-3,SS-Veg-TS-159-3-60,HumanObservation,2026-09-15,Scrub,A2,Bracken,Frequent,,Pteridium aquilinum,Plantae,Tracheophyta,Polypodiopsida,Polypodiales,Dennstaedtiaceae,Pteridium,aquilinum,Species,///organist.curry.slot,55.69832,-5.28389,WGS84,SCT,,Vegetation,XiuhM,Occasional,
24,SS-Veg-TS-159-3,SS-Veg-TS-159-3-61,HumanObservation,2026-09-15,Scrub,A2,Foxglove,Occasional,,Digitalis purpurea,Plantae,Tracheophyta,Magnoliopsida,Lamiales,Plantaginaceae,Digitalis,purpurea,Species,///organist.curry.slot,55.69832,-5.28389,WGS84,SCT,,Vegetation,XiuhM,Rare,
24,SS-Veg-TS-159-3,SS-Veg-TS-159-3-62,HumanObservation,2026-09-15,Scrub,A2,Holly,Rare,,Ilex aquifolium,Plantae,Tracheophyta,Magnoliopsida,Aquifoliales,Aquifoliaceae,Ilex,aquifolium,Species,///organist.curry.slot,55.69832,-5.28389,WGS84,SCT,,Vegetation,XiuhM,,
24,SS-Veg-TS-159-3,SS-Veg-TS-159-3-63,HumanObservation,2026-09-15,Scrub,A2,Ash,Rare,,Fraxinus excelsior,Plantae,Tracheophyta,Magnoliopsida,Lamiales,Oleaceae,Fraxinus,excelsior,Species,///organist.curry.slot,55.69832,-5.28389,WGS84,SCT,,Vegetation,XiuhM,,
24,SS-Veg-TS-159-3,SS-Veg-TS-159-3-64,HumanObservation,2026-09-15,Scrub,A2,Elder,Rare,,Sambucus nigra,Plantae,Tracheophyta,Magnoliopsida,Dipsacales,Viburnaceae,Sambucus,nigra,Species,///organist.curry.slot,55.69832,-5.28389,WGS84,SCT,,Vegetation,XiuhM,,
24,SS-Veg-TS-159-3,SS-Veg-TS-159-3-65,HumanObservation,2026-09-15,Scrub,A2,Ragwort,Rare,,Senecio jacobaea,Plantae,Tracheophyta,Magnoliopsida,Asterales,Asteraceae,Senecio,jacobaea,Species,///organist.curry.slot,55.69832,-5.28389,WGS84,SCT,,Vegetation,XiuhM,,
24,SS-Veg-TS-159-3,SS-Veg-TS-159-3-66,HumanObservation,2026-09-15,Scrub,A2,Marsh thistle,Rare,,Cirsium palustre,Plantae,Tracheophyta,Magnoliopsida,Asterales,Asteraceae,Cirsium,palustre,Species,///organist.curry.slot,55.69832,-5.28389,WGS84,SCT,,Vegetation,XiuhM,,
24,SS-Veg-TS-159-3,SS-Veg-TS-159-3-67,HumanObservation,2026-09-15,Scrub,A2,Stinging nettle,Rare,,Urtica dioica,Plantae,Tracheophyta,Magnoliopsida,Rosales,Urticaceae,Urtica,dioica,Species,///organist.curry.slot,55.69832,-5.28389,WGS84,SCT,,Vegetation,XiuhM,,
25,SS-Veg-TS-159-3,SS-Veg-TS-159-3-68,HumanObservation,2026-09-15,Continuous bracken,C1,Bracken,Abundant,,Pteridium aquilinum,Plantae,Tracheophyta,Polypodiopsida,Polypodiales,Dennstaedtiaceae,Pteridium,aquilinum,Species,///provider.polishing.wake,55.69797,-5.28365,WGS84,SCT,Pteridium aquilinum predominates,Vegetation,XiuhM,,
25,SS-Veg-TS-159-3,SS-Veg-TS-159-3-69,HumanObservation,2026-09-15,Continuous bracken,C1,Common gorse,Frequent,,Ulex europaeus,Plantae,Tracheophyta,Magnoliopsida,Fabales,Fabaceae,Ulex,europaeus,Species,///provider.polishing.wake,55.69797,-5.28365,WGS84,SCT,,Vegetation,XiuhM,,
25,SS-Veg-TS-159-3,SS-Veg-TS-159-3-70,HumanObservation,2026-09-15,Continuous bracken,C1,Rowan,Occasional,,Sorbus aucuparia,Plantae,Tracheophyta,Magnoliopsida,Rosales,Rosaceae,Sorbus,aucuparia,Species,///provider.polishing.wake,55.69797,-5.28365,WGS84,SCT,,Vegetation,XiuhM,,
25,SS-Veg-TS-159-3,SS-Veg-TS-159-3-71,HumanObservation,2026-09-15,Continuous bracken,C1,Hawthorn,Rare,,Crataegus monogyna,Plantae,Tracheophyta,Magnoliopsida,Rosales,Rosaceae,Crataegus,monogyna,Species,///provider.polishing.wake,55.69797,-5.28365,WGS84,SCT,,Vegetation,XiuhM,,
1,SS-Veg-TS-159-3,SS-Veg-TS-159-3-72,HumanObservation,2026-09-15,Wet modified bog,E1.7,Moss,Abundant,,Sphagnum spp.,Plantae,Bryophyta,Sphagnopsida,Sphagnales,Sphagnaceae,Sphagnum,N/A,Genus,///scrum.visa.templates,55.69824,-5.28294,WGS84,SCT,"Molinia caerulea and Sphagnum spp. abundant, Galium saxatile and Juncus effesus occasional",Vegetation,XiuhM,,
1,SS-Veg-TS-159-3,SS-Veg-TS-159-3-73,HumanObservation,2026-09-15,Wet modified bog,E1.7,Purple moor grass,Abundant,,Molinia caerulea,Plantae,Tracheophyta,Liliopsida,Poales,Poaceae,Molinia,caerulea,Species,///scrum.visa.templates,55.69824,-5.28294,WGS84,SCT,,Vegetation,XiuhM,,
1,SS-Veg-TS-159-3,SS-Veg-TS-159-3-74,HumanObservation,2026-09-15,Wet modified bog,E1.7,Heath bedstraw,Occasional,,Galium saxatile,Plantae,Tracheophyta,Magnoliopsida,Gentianales,Rubiaceae,Galium,saxatile,Species,///scrum.visa.templates,55.69824,-5.28294,WGS84,SCT,,Vegetation,XiuhM,,
1,SS-Veg-TS-159-3,SS-Veg-TS-159-3-75,HumanObservation,2026-09-15,Wet modified bog,E1.7,Soft rush,Occasional,,Juncus effusus,Plantae,Tracheophyta,Liliopsida,Poales,Juncaceae,Juncus,effusus,Species,///scrum.visa.templates,55.69824,-5.28294,WGS84,SCT,,Vegetation,XiuhM,,
1,SS-Veg-TS-159-3,SS-Veg-TS-159-3-76,HumanObservation,2026-09-15,Wet modified bog,E1.7,Devil's bit scabious,Occasional,,Succisa pratensis,Plantae,Tracheophyta,Magnoliopsida,Dipsacales,Caprifoliaceae,Succisa,pratensis,Species,///scrum.visa.templates,55.69824,-5.28294,WGS84,SCT,,Vegetation,XiuhM,,
1,SS-Veg-TS-159-3,SS-Veg-TS-159-3-77,HumanObservation,2026-09-15,Wet modified bog,E1.7,Bird's foot trefoil,Rare,,Lotus corniculatus,Plantae,Tracheophyta,Magnoliopsida,Fabales,Fabaceae,Lotus,corniculatus,Species,///scrum.visa.templates,55.69824,-5.28294,WGS84,SCT,,Vegetation,XiuhM,,
1,SS-Veg-TS-159-3,SS-Veg-TS-159-3-78,HumanObservation,2026-09-15,Wet modified bog,E1.7,Blaeberry,Rare,,Vaccinium myrtillus,Plantae,Tracheophyta,Magnoliopsida,Ericales,Ericaceae,Vaccinium,myrtillus,Species,///scrum.visa.templates,55.69824,-5.28294,WGS84,SCT,,Vegetation,XiuhM,,
2,SS-Veg-TS-159-3,SS-Veg-TS-159-3-79,HumanObservation,2026-09-15,Acidic grassland?,B1,Sweet vernal grass,Abundant,,Anthoxanthum odoratum ,Plantae,Tracheophyta,Liliopsida,Poales,Poaceae,Anthoxanthum,odoratum,Species,///robot.sometime.advantage,55.69816,-5.2827,WGS84,SCT,"Nardus stricta abundant, Deschampsia flexuosa frequent, Vaccinum myrtillus frequent, Sphagnum spp. frequent, Juncus effesus occasional, Molinia caerulea occcasional, Calluna vulgaris rare",Vegetation,XiuhM,,
2,SS-Veg-TS-159-3,SS-Veg-TS-159-3-80,HumanObservation,2026-09-15,Acidic grassland,B1,Common bent,Abundant,,Agrostis capillaris,Plantae,Tracheophyta,Liliopsida,Poales,Poaceae,Agrostis,capillaris,Species,///robot.sometime.advantage,55.69816,-5.2827,WGS84,SCT,,Vegetation,XiuhM,,
2,SS-Veg-TS-159-3,SS-Veg-TS-159-3-81,HumanObservation,2026-09-15,Acidic grassland,B1,Mat grass,Abundant,,Nardus stricta,Plantae,Tracheophyta,Liliopsida,Poales,Poaceae,Nardus,stricta,Species,///robot.sometime.advantage,55.69816,-5.2827,WGS84,SCT,,Vegetation,XiuhM,,
2,SS-Veg-TS-159-3,SS-Veg-TS-159-3-82,HumanObservation,2026-09-15,Acidic grassland,B1,Wavy hair grass,Frequent,,Deschampsia flexuosa,Plantae,Tracheophyta,Liliopsida,Poales,Poaceae,Avenella,flexuosa,Species,///robot.sometime.advantage,55.69816,-5.2827,WGS84,SCT,,Vegetation,XiuhM,,
2,SS-Veg-TS-159-3,SS-Veg-TS-159-3-83,HumanObservation,2026-09-15,Acidic grassland,B1,Blaeberry,Frequent,,Vaccinum myrtillus,Plantae,Tracheophyta,Magnoliopsida,Ericales,Ericaceae,Vaccinium,myrtillus,Species,///robot.sometime.advantage,55.69816,-5.2827,WGS84,SCT,,Vegetation,XiuhM,,
2,SS-Veg-TS-159-3,SS-Veg-TS-159-3-84,HumanObservation,2026-09-15,Acidic grassland,B1,Moss,Frequent,,Sphagnum spp.,Plantae,Bryophyta,Sphagnopsida,Sphagnales,Sphagnaceae,Sphagnum,N/A,Genus,///robot.sometime.advantage,55.69816,-5.2827,WGS84,SCT,,Vegetation,XiuhM,,
2,SS-Veg-TS-159-3,SS-Veg-TS-159-3-85,HumanObservation,2026-09-15,Acidic grassland,B1,Soft rush,Occasional,,Juncus effusus,Plantae,Tracheophyta,Liliopsida,Poales,Juncaceae,Juncus,effusus,Species,///robot.sometime.advantage,55.69816,-5.2827,WGS84,SCT,,Vegetation,XiuhM,,
2,SS-Veg-TS-159-3,SS-Veg-TS-159-3-86,HumanObservation,2026-09-15,Acidic grassland,B1,Purple moor grass,Occasional,,Molinia caerulea,Plantae,Tracheophyta,Liliopsida,Poales,Poaceae,Molinia,caerulea,Species,///robot.sometime.advantage,55.69816,-5.2827,WGS84,SCT,,Vegetation,XiuhM,,
2,SS-Veg-TS-159-3,SS-Veg-TS-159-3-87,HumanObservation,2026-09-15,Acidic grassland,B1,Common heather,Rare,,Calluna vulgaris,Plantae,Tracheophyta,Magnoliopsida,Ericales,Ericaceae,Calluna,vulgaris,Species,///robot.sometime.advantage,55.69816,-5.2827,WGS84,SCT,,Vegetation,XiuhM,,
2,SS-Veg-TS-159-3,SS-Veg-TS-159-3-88,HumanObservation,2026-09-15,Acidic grassland,B1,Crested dog's tail ,Rare,,Cynosurus cristatus,Plantae,Tracheophyta,Liliopsida,Poales,Poaceae,Cynosurus,cristasus,Species,///robot.sometime.advantage,55.69816,-5.2827,WGS84,SCT,,Vegetation,XiuhM,,
3,SS-Veg-TS-159-3,SS-Veg-TS-159-3-89,HumanObservation,2026-09-15,Wet modified bog,E1.7,Purple moor grass,Dominant ,,Molinia caerulea,Plantae,Tracheophyta,Liliopsida,Poales,Poaceae,Molinia,caerulea,Species,///clays.managed.rocks,55.6977,-5.28231,WGS84,SCT,"Molinia caerulea predominates over Sphagnum spp., Rhododendron frequent, Juncus squarrosus frequent, Galium saxatile occasional, Juncus effesus occasional, Erica tetralix occasional",Vegetation,XiuhM,,
3,SS-Veg-TS-159-3,SS-Veg-TS-159-3-90,HumanObservation,2026-09-15,Wet modified bog,E1.7,Moss,Abundant,,Sphagnum spp.,Plantae,Bryophyta,Sphagnopsida,Sphagnales,Sphagnaceae,Sphagnum,N/A,Genus,///clays.managed.rocks,55.6977,-5.28231,WGS84,SCT,,Vegetation,XiuhM,,
3,SS-Veg-TS-159-3,SS-Veg-TS-159-3-91,HumanObservation,2026-09-15,Wet modified bog,E1.7,Ciquefoil,Abundant,,Potentilla simplex,Plantae,Tracheophyta,Magnoliopsida,Rosales,Rosaceae,Potentilla,simplex,Species,///clays.managed.rocks,55.6977,-5.28231,WGS84,SCT,,Vegetation,XiuhM,,
3,SS-Veg-TS-159-3,SS-Veg-TS-159-3-92,HumanObservation,2026-09-15,Wet modified bog,E1.7,Heath rush,Frequent,,Juncus squarrosus,Plantae,Tracheophyta,Liliopsida,Poales,Juncaceae,Juncus,squarrosus,Species,///clays.managed.rocks,55.6977,-5.28231,WGS84,SCT,,Vegetation,XiuhM,,
3,SS-Veg-TS-159-3,SS-Veg-TS-159-3-93,HumanObservation,2026-09-15,Wet modified bog,E1.7,Rhododedron,Frequent,,Rhododedron ponticum,Plantae,Tracheophyta,Magnoliopsida,Ericales,Ericaceae,Rhododendron,ponticum,Species,///clays.managed.rocks,55.6977,-5.28231,WGS84,SCT,,Vegetation,XiuhM,,
3,SS-Veg-TS-159-3,SS-Veg-TS-159-3-94,HumanObservation,2026-09-15,Wet modified bog,E1.7,Heath bedstraw,Occasional,,Galium saxatile,Plantae,Tracheophyta,Magnoliopsida,Gentianales,Rubiaceae,Galium,saxatile,Species,///clays.managed.rocks,55.6977,-5.28231,WGS84,SCT,,Vegetation,XiuhM,,
3,SS-Veg-TS-159-3,SS-Veg-TS-159-3-95,HumanObservation,2026-09-15,Wet modified bog,E1.7,Devil's bit scabious,Occasional,,Succisa pratensis,Plantae,Tracheophyta,Magnoliopsida,Dipsacales,Caprifoliaceae,Succisa,pratensis,Species,///clays.managed.rocks,55.6977,-5.28231,WGS84,SCT,,Vegetation,XiuhM,,
3,SS-Veg-TS-159-3,SS-Veg-TS-159-3-96,HumanObservation,2026-09-15,Wet modified bog,E1.7,Pennywort,Occasional,,Hydrocotyle vulgaris,Plantae,Tracheophyta,Magnoliopsida,Apiales,Araliaceae,Hydrocotyle,vulgaris,Species,///clays.managed.rocks,55.6977,-5.28231,WGS84,SCT,,Vegetation,XiuhM,,
3,SS-Veg-TS-159-3,SS-Veg-TS-159-3-97,HumanObservation,2026-09-15,Wet modified bog,E1.7,Soft rush,Occasional,,Juncus effusus,Plantae,Tracheophyta,Liliopsida,Poales,Juncaceae,Juncus,effusus,Species,///clays.managed.rocks,55.6977,-5.28231,WGS84,SCT,,Vegetation,XiuhM,,
3,SS-Veg-TS-159-3,SS-Veg-TS-159-3-98,HumanObservation,2026-09-15,Wet modified bog,E1.7,Sundew,Rare,,Drosera rotundifolia,Plantae,Tracheophyta,Magnoliopsida,Caryophyllales,Droseraceae,Drosera,rotundifolia,Species,///clays.managed.rocks,55.6977,-5.28231,WGS84,SCT,,Vegetation,XiuhM,,
3,SS-Veg-TS-159-3,SS-Veg-TS-159-3-99,HumanObservation,2026-09-15,Wet modified bog,E1.7,Bog asphodel ,Rare,,Narthecium ossifragum,Plantae,Tracheophyta,Liliopsida,Dioscoreales,Nartheciaceae,Narthecium,ossifragum,Species,///clays.managed.rocks,55.6977,-5.28231,WGS84,SCT,,Vegetation,XiuhM,,
4,SS-Veg-TS-159-3,SS-Veg-TS-159-3-101,HumanObservation,2026-09-15,Wet heath/acidic grassland mosaic,D6,Common bent,Abundant,,Agrostis capillaris,Plantae,Tracheophyta,Liliopsida,Poales,Poaceae,Agrostis,capillaris,Species,///skewing.topic.vocab,55.69786,-5.28169,WGS84,SCT,"Nardus stricta abundant, Ulex frequent, Deschampsia flexuosa abundant, Ptredium frequent, Erica tetralix occasional, heavy deer and sheep scat",Vegetation,XiuhM,,
4,SS-Veg-TS-159-3,SS-Veg-TS-159-3-102,HumanObservation,2026-09-15,Wet heath/acidic grassland mosaic,D6,Sweet vernal grass,Abundant,,Anthoxanthum odoratum ,Plantae,Tracheophyta,Liliopsida,Poales,Poaceae,Anthoxanthum,odoratum,Species,///skewing.topic.vocab,55.69786,-5.28169,WGS84,SCT,,Vegetation,XiuhM,,
4,SS-Veg-TS-159-3,SS-Veg-TS-159-3-103,HumanObservation,2026-09-15,Wet heath/acidic grassland mosaic,D6,Wavy hair grass,Abundant,,Deschampsia flexuosa,Plantae,Tracheophyta,Liliopsida,Poales,Poaceae,Avenella,flexuosa,Species,///skewing.topic.vocab,55.69786,-5.28169,WGS84,SCT,,Vegetation,XiuhM,,
4,SS-Veg-TS-159-3,SS-Veg-TS-159-3-104,HumanObservation,2026-09-15,Wet heath/acidic grassland mosaic,D6,Common gorse,Frequent,,Ulex europaeus,Plantae,Tracheophyta,Magnoliopsida,Fabales,Fabaceae,Ulex,europaeus,Species,///skewing.topic.vocab,55.69786,-5.28169,WGS84,SCT,,Vegetation,XiuhM,,
4,SS-Veg-TS-159-3,SS-Veg-TS-159-3-105,HumanObservation,2026-09-15,Wet heath/acidic grassland mosaic,D6,Mat grass,Frequent,,Nardus stricta,Plantae,Tracheophyta,Liliopsida,Poales,Poaceae,Nardus,stricta,Species,///skewing.topic.vocab,55.69786,-5.28169,WGS84,SCT,,Vegetation,XiuhM,,
5,SS-Veg-TS-159-4,SS-Veg-TS-159-3-106,HumanObservation,2026-09-15,Wet heath/acidic grassland mosaic,D6,Bracken,Frequent,,Pteridium aquilinum,Plantae,Tracheophyta,Polypodiopsida,Polypodiales,Dennstaedtiaceae,Pteridium,aquilinum,Species,///skewing.topic.vocab,55.69786,-5.28169,WGS85,SCT,,Vegetation,XiuhM,,
4,SS-Veg-TS-159-3,SS-Veg-TS-159-3-107,HumanObservation,2026-09-15,Wet heath/acidic grassland mosaic,D6,Hawthorn,Occasional,,Crataegus monogyna,Plantae,Tracheophyta,Magnoliopsida,Rosales,Rosaceae,Crataegus,monogyna,Species,///skewing.topic.vocab,55.69786,-5.28169,WGS84,SCT,,Vegetation,XiuhM,,
4,SS-Veg-TS-159-3,SS-Veg-TS-159-3-108,HumanObservation,2026-09-15,Wet heath/acidic grassland mosaic,D6,Cross-leaved heather,Occasional,,Erica tetralix,Plantae,Tracheophyta,Magnoliopsida,Ericales,Ericaceae,Erica,tetralix,Species,///skewing.topic.vocab,55.69786,-5.28169,WGS84,SCT,,Vegetation,XiuhM,,
4,SS-Veg-TS-159-3,SS-Veg-TS-159-3-109,HumanObservation,2026-09-15,Wet heath/acidic grassland mosaic,D6,Rowan,Rare,,Sorbus aucuparia,Plantae,Tracheophyta,Magnoliopsida,Rosales,Rosaceae,Sorbus,aucuparia,Species,///skewing.topic.vocab,55.69786,-5.28169,WGS84,SCT,,Vegetation,XiuhM,,
4,SS-Veg-TS-159-3,SS-Veg-TS-159-3-110,HumanObservation,2026-09-15,Wet heath/acidic grassland mosaic,D6,Ash,Rare,,Fraxinus excelsior,Plantae,Tracheophyta,Magnoliopsida,Lamiales,Oleaceae,Fraxinus,excelsior,Species,///skewing.topic.vocab,55.69786,-5.28169,WGS84,SCT,,Vegetation,XiuhM,,
4,SS-Veg-TS-159-3,SS-Veg-TS-159-3-111,HumanObservation,2026-09-15,Wet heath/acidic grassland mosaic,D6,Holly,Rare,,Ilex aquifolium,Plantae,Tracheophyta,Magnoliopsida,Aquifoliales,Aquifoliaceae,Ilex,aquifolium,Species,///skewing.topic.vocab,55.69786,-5.28169,WGS84,SCT,,Vegetation,XiuhM,,
5,SS-Veg-TS-159-3,SS-Veg-TS-159-3-112,HumanObservation,2026-09-15,Continuous bracken,C1,Bracken,Dominant ,,Pteridium aquilinum,Plantae,Tracheophyta,Polypodiopsida,Polypodiales,Dennstaedtiaceae,Pteridium,aquilinum,Species,///dust.spectacle.farm,55.69689,-5.2726,WGS84,SCT,"Pteridium aquilinum predominates, Erica cinerea occasional, Rubus fruticosa stands occasional, Erica tetralix rare, Ancient woodland indicator - Solidago virgaurea rare, broadleaved trees stands near river ",Vegetation,XiuhM,,
5,SS-Veg-TS-159-3,SS-Veg-TS-159-3-113,HumanObservation,2026-09-15,Continuous bracken,C1,Downy Birch,Occasional,,Betula pubescens,Plantae,Tracheophyta,Magnoliopsida,Fagales,Betulaceae,Betula,pubescens,Species,///dust.spectacle.farm,55.69689,-5.2726,WGS84,SCT,,Vegetation,XiuhM,,
5,SS-Veg-TS-159-3,SS-Veg-TS-159-3-114,HumanObservation,2026-09-15,Continuous bracken,C1,Bramble,Occasional,,Rubus fruticosa,Plantae,Tracheophyta,Magnoliopsida,Rosales,Rosaceae,Rubus,fruticosa,Species,///dust.spectacle.farm,55.69689,-5.2726,WGS84,SCT,,Vegetation,XiuhM,,
5,SS-Veg-TS-159-3,SS-Veg-TS-159-3-115,HumanObservation,2026-09-15,Continuous bracken,C1,Bell heather,Occasional,,Erica cinerea,Plantae,Tracheophyta,Magnoliopsida,Ericales,Ericaceae,Erica,cinerea,Species,///dust.spectacle.farm,55.69689,-5.2726,WGS84,SCT,,Vegetation,XiuhM,,
5,SS-Veg-TS-159-3,SS-Veg-TS-159-3-116,HumanObservation,2026-09-15,Continuous bracken,C1,Sessile or English oak,Rare,,Quercus spp. ,Plantae,Tracheophyta,Magnoliopsida,Fagales,Fagaceae,Quercus,N/A,Genus,///dust.spectacle.farm,55.69689,-5.2726,WGS84,SCT,,Vegetation,XiuhM,,
5,SS-Veg-TS-159-3,SS-Veg-TS-159-3-117,HumanObservation,2026-09-15,Continuous bracken,C1,European golden rod,Rare,,Solidago virgaurea,Plantae,Tracheophyta,Magnoliopsida,Asterales,Asteraceae,Solidago,virgaurea,Species,///dust.spectacle.farm,55.69689,-5.2726,WGS84,SCT,,Vegetation,XiuhM,,
5,SS-Veg-TS-159-3,SS-Veg-TS-159-3-118,HumanObservation,2026-09-15,Continuous bracken,C1,Common cat's ear,Rare,,Hypochaeris radicat,Plantae,Tracheophyta,Magnoliopsida,Asterales,Asteraceae,Hypochaeris,radicat,Species,///dust.spectacle.farm,55.69689,-5.2726,WGS84,SCT,,Vegetation,XiuhM,,
5,SS-Veg-TS-159-3,SS-Veg-TS-159-3-119,HumanObservation,2026-09-15,Continuous bracken,C1,Cross-leaved heather,Rare,,Erica tetralix,Plantae,Tracheophyta,Magnoliopsida,Ericales,Ericaceae,Erica,tetralix,Species,///dust.spectacle.farm,55.69689,-5.2726,WGS84,SCT,,Vegetation,XiuhM,,
6,SS-Veg-TS-159-3,SS-Veg-TS-159-3-120,HumanObservation,2026-09-14,Wet heath/acidic grassland mosaic,D6,Mat grass,Dominant ,,Nardus stricta,Plantae,Tracheophyta,Liliopsida,Poales,Poaceae,Nardus,stricta,Species,///consonant.plotter.forgiven,55.69614,-5.27332,WGS84,SCT,"Molinia caerulea and Nardus stricta predominate and Erica cinerea frequent, Rhododendron frequent ///cyclones.contact.tubes, Deschampsia cespitosa frequent, Crataegus monogyna occasional, Juncus effesus rare",Vegetation,XiuhM,,
6,SS-Veg-TS-159-3,SS-Veg-TS-159-3-121,HumanObservation,2026-09-14,Wet heath/acidic grassland mosaic,D6,Purple moor grass,Dominant ,,Molinia caerulea,Plantae,Tracheophyta,Liliopsida,Poales,Poaceae,Molinia,caerulea,Species,///consonant.plotter.forgiven,55.69614,-5.27332,WGS84,SCT,,Vegetation,XiuhM,,
6,SS-Veg-TS-159-3,SS-Veg-TS-159-3-122,HumanObservation,2026-09-14,Wet heath/acidic grassland mosaic,D6,Tufted hair grass,Frequent,,Deschampsia cespitosa,Plantae,Tracheophyta,Liliopsida,Poales,Poaceae,Deschampsia,cespitosa,Species,///consonant.plotter.forgiven,55.69614,-5.27332,WGS84,SCT,,Vegetation,XiuhM,,
6,SS-Veg-TS-159-3,SS-Veg-TS-159-3-123,HumanObservation,2026-09-14,Wet heath/acidic grassland mosaic,D6,Bell heather,Frequent,,Erica cinerea,Plantae,Tracheophyta,Magnoliopsida,Ericales,Ericaceae,Erica,cinerea,Species,///consonant.plotter.forgiven,55.69614,-5.27332,WGS84,SCT,,Vegetation,XiuhM,,
6,SS-Veg-TS-159-3,SS-Veg-TS-159-3-124,HumanObservation,2026-09-14,Wet heath/acidic grassland mosaic,D6,Rhododedron,Frequent,,Rhododedron ponticum,Plantae,Tracheophyta,Magnoliopsida,Ericales,Ericaceae,Rhododendron,ponticum,Species,///consonant.plotter.forgiven,55.69614,-5.27332,WGS84,SCT,,Vegetation,XiuhM,,
6,SS-Veg-TS-159-3,SS-Veg-TS-159-3-125,HumanObservation,2026-09-14,Wet heath/acidic grassland mosaic,D6,Hawthorn,Occasional,,Crataegus monogyna,Plantae,Tracheophyta,Magnoliopsida,Rosales,Rosaceae,Crataegus,monogyna,Species,///consonant.plotter.forgiven,55.69614,-5.27332,WGS84,SCT,,Vegetation,XiuhM,,
6,SS-Veg-TS-159-3,SS-Veg-TS-159-3-126,HumanObservation,2026-09-14,Wet heath/acidic grassland mosaic,D6,Foxglove,Rare,,Digitalis purpurea,Plantae,Tracheophyta,Magnoliopsida,Lamiales,Plantaginaceae,Digitalis,purpurea,Species,///consonant.plotter.forgiven,55.69614,-5.27332,WGS84,SCT,,Vegetation,XiuhM,,
6,SS-Veg-TS-159-3,SS-Veg-TS-159-3-127,HumanObservation,2026-09-14,Wet heath/acidic grassland mosaic,D6,Soft rush,Rare,,Juncus effesus,Plantae,Tracheophyta,Liliopsida,Poales,Juncaceae,Juncus,effusus,Species,///consonant.plotter.forgiven,55.69614,-5.27332,WGS84,SCT,,Vegetation,XiuhM,,
,,,,,,,,,,,,,,,,,,,,,,,,,,,,
,,,,,,,,,,,,,,,,,,,,,,,,,,,,
,,,,,,,,,,,,,,,,,,,,,,,,,,,,
,,,,,,,,,,,,,,,,,,,,,,,,,,,,
,,,,,,,,,,,,,,,,,,,,,,,,,,,,
,,,,,,,,,,,,,,,,,,,,,,,,,,,,
,,,,,,,,,,,,,,,,,,,,,,,,,,,,
,,,,,,,,,,,,,,,,,,,,,,,,,,,,
,,,,,,,,,,,,,,,,,,,,,,,,,,,,
,,,,,,,,,,,,,,,,,,,,,,,,,,,,
,,,,,,,,,,,,,,,,,,,,,,,,,,,,
,,,,,,,,,,,,,,,,,,,,,,,,,,,,
,,,,,,,,,,,,,,,,,,,,,,,,,,,,
,,,,,,,,,,,,,,,,,,,,,,,,,,,,
,,,,,,,,,,,,,,,,,,,,,,,,,,,,
,,,,,,,,,,,,,,,,,,,,,,,,,,,,
,,,,,,,,,,,,,,,,,,,,,,,,,,,,
,,,,,,,,,,,,,,,,,,,,,,,,,,,,
,,,,,,,,,,,,,,,,,,,,,,,,,,,,
,,,,,,,,,,,,,,,,,,,,,,,,,,,,
